:020000040800F2
:10000000004001203D140008A1280008A328000892
:10001000AB280008B3280008BB2800080000000037
:10002000000000000000000000000000C3280008DD
:10003000C528000800000000C7280008C9280008DB
:100040008D1400088D1400088D1400088D1400080C
:100050008D1400088D1400088D1400088D140008FC
:100060008D1400088D1400088D1400088D140008EC
:100070008D1400088D1400088D1400088D140008DC
:100080008D1400088D1400088D1400088D140008CC
:100090008D1400088D1400088D1400088D140008BC
:1000A0008D1400088D1400088D1400088D140008AC
:1000B000D52800088D1400088D1400088D14000840
:1000C0008D1400088D1400088D1400088D1400088C
:1000D0008D1400088D140008F52800088D14000800
:1000E0008D1400088D1400088D1400088D1400086C
:1000F0008D1400088D140008E52800088D140008F0
:100100008D1400088D1400088D1400088D1400084B
:100110008D1400088D1400088D1400088D1400083B
:040120008D14000832
:1001280010B5054C237833B9044B13B10448AFF329
:1001380000800123237010BDD401002000000000BE
:10014800E0D1000808B5034B1BB103490348AFF3DE
:10015800008008BD00000000D8010020E0D10008A0
:1001680081F0004102E000BF83F0004330B54FEA60
:1001780041044FEA430594EA050F08BF90EA020FCD
:100188001FBF54EA000C55EA020C7FEA645C7FEA60
:10019800655C00F0E2804FEA5454D4EB5555B8BF83
:1001A8006D420CDD2C4480EA020281EA030382EAF4
:1001B800000083EA010180EA020281EA0303362D86
:1001C80088BF30BD11F0004F4FEA01314FF4801C59
:1001D8004CEA113102D0404261EB410113F0004F6B
:1001E8004FEA03334CEA133302D0524263EB430322
:1001F80094EA050F00F0A780A4F10104D5F1200EC0
:100208000DDB02FA0EFC22FA05F2801841F100011A
:1002180003FA0EF2801843FA05F359410EE0A5F1EE
:1002280020050EF1200E012A03FA0EFC28BF4CF01F
:10023800020C43FA05F3C01851EBE37101F00045D5
:1002480007D54FF0000EDCF1000C7EEB00006EEBE2
:100258000101B1F5801F1BD3B1F5001F0CD349086C
:100268005FEA30004FEA3C0C04F101044FEA4452C3
:1002780012F5800F80F09A80BCF1004F08BF5FEA4A
:10028800500C50F1000041EB045141EA050130BD2A
:100298005FEA4C0C404141EB0101013C28BFB1F53C
:1002A800801FE9D291F0000F04BF01460020B1FA87
:1002B80081F308BF2033A3F10B03B3F120020CDA5A
:1002C8000C3208DD02F1140CC2F10C0201FA0CF038
:1002D80021FA02F10CE002F11402D8BFC2F1200C9D
:1002E80001FA02F120FA0CFCDCBF41EA0C01904053
:1002F800E41AA2BF01EB0451294330BD6FEA04049C
:100308001F3C1CDA0C340EDC04F11404C4F1200286
:1003180020FA04F001FA02F340EA030021FA04F398
:1003280045EA030130BDC4F10C04C4F1200220FAEF
:1003380002F001FA04F340EA0300294630BD21FA2D
:1003480004F0294630BD94F0000F83F4801306BFF3
:1003580081F480110134013D4EE77FEA645C18BFE7
:100368007FEA655C29D094EA050F08BF90EA020F7E
:1003780005D054EA000C04BF1946104630BD91EA76
:10038800030F1EBF0021002030BD5FEA545C05D179
:100398004000494128BF41F0004130BD14F58004B8
:1003A8003CBF01F5801130BD01F0004545F0FE412C
:1003B80041F470014FF0000030BD7FEA645C1ABF61
:1003C800194610467FEA655C1CBF0B46024650EA98
:1003D800013406BF52EA033591EA030F41F40021C4
:1003E80030BD00BF90F0000F04BF0021704730B54A
:1003F8004FF4806404F132044FF000054FF000011F
:1004080050E700BF90F0000F04BF0021704730B5DF
:100418004FF4806404F1320410F0004548BF4042B4
:100428004FF000013EE700BF42004FEAE2014FEA09
:1004380031014FEA02701FBF12F07F4393F07F4FE4
:1004480081F06051704732F07F4208BF704793F0E7
:100458007F4F04BF41F40021704730B54FF46074FA
:1004680001F0004521F000411CE700BF50EA0102FD
:1004780008BF704730B54FF000050AE050EA0102A6
:1004880008BF704730B511F0004502D5404261EB16
:1004980041014FF4806404F132045FEA915C3FF457
:1004A800D8AE4FF003025FEADC0C18BF03325FEAF4
:1004B800DC0C18BF033202EBDC02C2F1200300FAA5
:1004C80003FC20FA02F001FA03FE40EA0E0021FACA
:1004D80002F11444BDE600BF4FEA410212F50012D2
:1004E80015D211D56FF47873B3EB625212D94FEA73
:1004F800C12343F0004343EA505311F0004F23FA5D
:1005080002F018BF404270474FF00000704750EAB1
:10051800013005D111F0004008BF6FF0004070476E
:100528004FF00000704700BF80F0004002E000BFBD
:1005380081F0004142001FBF5FEA410392EA030FC6
:100548007FEA226C7FEA236C6AD04FEA1262D2EB10
:100558001363C1BFD218414048404140B8BF5B4215
:10056800192B88BF704710F0004F40F4000020F0AE
:100578007F4018BF404211F0004F41F4000121F0C4
:100588007F4118BF494292EA030F3FD0A2F101020E
:1005980041FA03FC10EB0C00C3F1200301FA03F14C
:1005A80000F0004302D5494260EB4000B0F5000F6F
:1005B80013D3B0F1807F06D340084FEA310102F12E
:1005C8000102FE2A51D2B1F1004F40EBC25008BFE0
:1005D80020F0010040EA03007047490040EB0000AA
:1005E800013A28BFB0F5000FEDD2B0FA80FCACF1AB
:1005F800080CB2EB0C0200FA0CF0AABF00EBC250D8
:1006080052421843BCBFD0401843704792F0000FC5
:1006180081F4000106BF80F400000132013BB5E718
:100628004FEA41037FEA226C18BF7FEA236C21D08E
:1006380092EA030F04D092F0000F08BF08467047F3
:1006480090EA010F1CBF0020704712F07F4F04D1C1
:10065800400028BF40F00040704712F100723CBFD4
:1006680000F50000704700F0004343F0FE4040F4FE
:10067800000070477FEA226216BF08467FEA2363BC
:100688000146420206BF5FEA412390EA010F40F4A7
:10069800800070474FF0000304E000BF10F00043F3
:1006A80048BF40425FEA000C08BF704743F09643DA
:1006B80001464FF000001CE050EA010208BF7047F5
:1006C8004FF000030AE000BF50EA010208BF70477C
:1006D80011F0004302D5404261EB41015FEA010C91
:1006E80002BF84460146002043F0B64308BFA3F189
:1006F8008053A3F50003BCFA8CF2083AA3EBC2536B
:1007080010DB01FA02FC634400FA02FCC2F1200289
:10071800BCF1004F20FA02F243EB020008BF20F0C0
:100728000100704702F1200201FA02FCC2F1200226
:1007380050EA4C0021FA02F243EB020008BF20EA1B
:10074800DC7070474FF0FF0C1CEAD0521EBF1CEA49
:10075800D15392EA0C0F93EA0C0F6FD01A4480EA37
:10076800010C400218BF5FEA41211ED04FF0006320
:1007780043EA501043EA5111A0FB01310CF000404C
:10078800B1F5000F3EBF490041EAD3715B0040EA72
:10079800010062F17F02FD2A1DD8B3F1004F40EB42
:1007A800C25008BF20F00100704790F0000F0CF015
:1007B800004C08BF49024CEA502040EA51207F3AD9
:1007C800C2BFD2F1FF0340EAC250704740F40000B4
:1007D8004FF00003013A5DDC12F1190FDCBF00F0A5
:1007E80000407047C2F10002410021FA02F1C2F153
:1007F800200200FA02FC5FEA310040F1000053EAEF
:100808004C0308BF20EADC70704792F0000F00F03C
:10081800004C02BF400010F4000F013AF9D040EA42
:100828000C0093F0000F01F0004C02BF490011F4D6
:10083800000F013BF9D041EA0C018FE70CEAD153D4
:1008480092EA0C0F18BF93EA0C0F0AD030F0004C54
:1008580018BF31F0004CD8D180EA010000F0004008
:10086800704790F0000F17BF90F0004F084691F0C6
:10087800000F91F0004F14D092EA0C0F01D1420200
:100888000FD193EA0C0F03D14B0218BF084608D1C9
:1008980080EA010000F0004040F0FE4040F4000013
:1008A800704740F0FE4040F4400070474FF0FF0CA6
:1008B8001CEAD0521EBF1CEAD15392EA0C0F93EAED
:1008C8000C0F69D0A2EB030280EA010C49024FEA3F
:1008D800402037D04FF0805343EA111143EA1013F8
:1008E8000CF000408B4238BF5B0042F17D024FF4B0
:1008F800000C8B4224BF5B1A40EA0C00B3EB510F8B
:1009080024BFA3EB510340EA5C00B3EB910F24BF73
:10091800A3EB910340EA9C00B3EBD10F24BFA3EBF8
:10092800D10340EADC001B0118BF5FEA1C1CE0D1C0
:10093800FD2A3FF650AF8B4240EBC25008BF20F073
:10094800010070470CF0004C4CEA50207F32C2BFC7
:10095800D2F1FF0340EAC250704740F400004FF064
:100968000003013A37E792F0000F00F0004C02BF95
:10097800400010F4000F013AF9D040EA0C0093F05F
:10098800000F01F0004C02BF490011F4000F013BB9
:10099800F9D041EA0C0195E70CEAD15392EA0C0F21
:1009A80008D142027FF47DAF93EA0C0F7FF470AF59
:1009B800084676E793EA0C0F04D14B023FF44CAF9C
:1009C80008466EE730F0004C18BF31F0004CCAD131
:1009D80030F000427FF45CAF31F000437FF43CAF6D
:1009E8005FE700BF4FF0FF3C06E000BF4FF0010C8F
:1009F80002E000BF4FF0010C4DF804CD4FEA400271
:100A08004FEA41037FEA226C18BF7FEA236C11D0BA
:100A180001B052EA530C18BF90EA010F58BFB2EB6D
:100A2800030088BFC81738BF6FEAE17018BF40F0ED
:100A3800010070477FEA226C02D15FEA402C05D1A1
:100A48007FEA236CE4D15FEA412CE1D05DF8040B26
:100A5800704700BF844608466146FFE70FB5FFF7B9
:100A6800C9FF002848BF10F1000F0FBD4DF808ED71
:100A7800FFF7F4FF0CBF012000205DF808FB00BF62
:100A88004DF808EDFFF7EAFF34BF012000205DF8BC
:100A980008FB00BF4DF808EDFFF7E0FF94BF012009
:100AA80000205DF808FB00BF4DF808EDFFF7D2FF06
:100AB80094BF012000205DF808FB00BF4DF808ED49
:100AC800FFF7C8FF34BF012000205DF808FB00BF16
:100AD8004FEA40024FEA41037FEA226C02D15FEA03
:100AE800402C08D17FEA236C02D15FEA412C02D165
:100AF8004FF0000070474FF0010070474FEA400286
:100B0800B2F1FE4F0FD34FF09E03B3EB12620DD933
:100B18004FEA002343F0004310F0004F23FA02F09D
:100B280018BF404270474FF00000704712F1610F44
:100B380001D1420205D110F0004008BF6FF000401B
:100B480070474FF00000704742000ED2B2F1FE4FDE
:100B58000BD34FF09E03B3EB126209D44FEA002384
:100B680043F0004323FA02F070474FF0000070474B
:100B780012F1610F01D1420202D14FF0FF307047EC
:100B88004FF00000704700BF53B94AB9002908BFA9
:100B980000281CBF4FF0FF314FF0FF3000F086B93E
:100BA800ADF1080C6DE904CE00F006F8DDF804E0BC
:100BB800DDE9022304B070472DE9F047089D0F4690
:100BC80004468E46002B48D18A42164661D9B2FAAD
:100BD80082F24AB1C2F1200301FA02FE20FA03F3BD
:100BE800964043EA0E0E94404FEA164CBEFBFCF1C9
:100BF800B7B20CFB11EE01FB07F0230C43EA0E43DE
:100C0800984209D9F31801F1FF3E80F0ED8098422F
:100C180040F2EA80023933441B1AB3FBFCF00CFBA8
:100C2800103300FB07F7A4B244EA0344A74209D9EA
:100C3800341900F1FF3380F0D980A74240F2D68002
:100C48003444023840EA01400021E41B1DB100236E
:100C5800D440C5E90043BDE8F0878B4206D90DB101
:100C6800C5E9000100210846BDE8F087B3FA83F121
:100C7800002947D1BB4202D3824200F20481841A80
:100C880067EB030201209646002DE4D0C5E9004E2B
:100C9800E1E7002A00F09080B2FA82F2002A40F0E0
:100CA800A780881B0121370C1FFA86FEB0FBF7FCD2
:100CB80007FB1C00230C43EA00430EFB0CF0984290
:100CC80007D9F3180CF1FF3802D2984200F2E080FD
:100CD800C4461B1AB3FBF7F007FB10330EFB00FEEC
:100CE800A4B244EA0344A64507D9341900F1FF33F6
:100CF80002D2A64500F2C9801846A4EB0E0440EAC9
:100D08000C40A3E7C1F120068B4022FA06FC4CEA0E
:100D1800030C27FA06FA4FEA1C49BAFBF9F88F4088
:100D280020FA06F309FB18AA1FFA8CFE3B4300FAC7
:100D380001F708FB0EF01C0C44EA0A44A04202FA30
:100D480001F20BD91CEB040408F1FF3A80F09980FA
:100D5800A04240F29680A8F102086444241A98B28E
:100D6800B4FBF9F309FB134403FB0EFE40EA044409
:100D7800A64508D91CEB040403F1FF307FD2A64531
:100D88007DD9023B644443EA0840A4EB0E04A0FB6F
:100D9800028E74454346F14661D35ED055B1FA1AC6
:100DA80064EB090404FA06F622FA01F31E43CC4068
:100DB800C5E9006400214EE743084FEA510C43EAB5
:100DC800C1710A0C42EA0C428BB2C407B2FBF6F1BD
:100DD80043EA0243BCFBF6FCB646304637461F22C0
:100DE800181A41EA0C4161E7714615E7184629E7E8
:100DF800C2F1200321FA03F0964024FA03F3974046
:100E08003B43370CB0FBF7F807FB18001FFA86FEC8
:100E1800190C41EA004108FB0EF0884204FA02F47A
:100E28003AD9711808F1FF3C01D288421ED8091A34
:100E3800B1FBF7F808FB0EF007FB18119BB243EA69
:100E4800014383422FD2F31808F1FF31C8D28342FD
:100E5800C6D2A8F102013344C2E747459ED2B8EB97
:100E680002036EEB0C0E0138F14697E7301A014485
:100E7800A8F1020CB1FBF7F808FB0EF0DCE703461B
:100E880081E7D0466AE70846FEE63444023834E78C
:100E9800ACF1020C33441CE7091AC446B1FBF7F85D
:100EA80008FB0EF0C8E741469AE700BF704700BF4D
:100EB80010F8012B11F8013B012A28BF9A42F7D0FC
:100EC800D01A7047034613F8012B002AFBD1181AD1
:100ED8000138704770B54FF0FF0C4CF4E06C1CEA19
:100EE80011541DBF1CEA135594EA0C0F95EA0C0F18
:100EF80000F0DEF82C4481EA030621EA4C5123EA8B
:100F08004C5350EA013518BF52EA033541F48011B9
:100F180043F4801338D0A0FB02CE4FF00005E1FB6C
:100F280002E506F00042E0FB03E54FF00006E1FBB6
:100F380003569CF0000F18BF4EF0010EA4F1FF04F9
:100F4800B6F5007F64F5407404D25FEA4E0E6D4139
:100F580046EB060642EAC62141EA55514FEAC5204A
:100F680040EA5E504FEACE2EB4F1FD0C88BFBCF5C6
:100F7800E06F1ED8BEF1004F08BF5FEA500E50F177
:100F8800000041EB045170BD06F0004646EA01013D
:100F980040EA020081EA0301B4EB5C04C2BFD4EB6F
:100FA8000C0541EA045170BD41F480114FF0000E68
:100FB800013C00F3AB8014F1360FDEBF002001F0D6
:100FC800004170BDC4F10004203C35DA0C341BDC50
:100FD80004F11404C4F1200500FA05F320FA04F022
:100FE80001FA05F240EA020001F0004221F0004156
:100FF80010EBD37021FA04F642EB06015EEA430EC9
:1010080008BF20EAD37070BDC4F10C04C4F12005F8
:1010180000FA04F320FA05F001FA04F240EA0200AB
:1010280001F0004110EBD37041F100015EEA430E7C
:1010380008BF20EAD37070BDC4F1200500FA05F29C
:101048004EEA020E20FA04F301FA05F243EA02031B
:1010580021FA04F001F0004121FA04F220EA02002A
:1010680000EBD3705EEA430E08BF20EAD37070BD70
:1010780094F0000F0FD101F00046400041EB010150
:1010880011F4801F08BF013CF7D041EA060195F032
:10109800000F18BF704703F00046520043EB0303EC
:1010A80013F4801F08BF013DF7D043EA06037047D9
:1010B80094EA0C0F0CEA135518BF95EA0C0F0CD0E4
:1010C80050EA410618BF52EA4306D1D181EA03012A
:1010D80001F000414FF0000070BD50EA410606BF24
:1010E8001046194652EA430619D094EA0C0F02D169
:1010F80050EA013613D195EA0C0F05D152EA0336AE
:101108001CBF104619460AD181EA030101F00041CB
:1011180041F0FE4141F470014FF0000070BD41F014
:10112800FE4141F4780170BD70B54FF0FF0C4CF4EE
:10113800E06C1CEA11541DBF1CEA135594EA0C0F0D
:1011480095EA0C0F00F0A7F8A4EB050481EA030E5A
:1011580052EA03354FEA013100F088804FEA033341
:101168004FF0805545EA131343EA12634FEA02220F
:1011780045EA111545EA10654FEA00260EF00041D0
:101188009D4208BF964244F1FD0404F5407402D222
:101198005B084FEA3202B61A65EB03055B084FEAB3
:1011A80032024FF480104FF4002CB6EB020E75EBB0
:1011B800030E22BFB61A754640EA0C005B084FEAD8
:1011C8003202B6EB020E75EB030E22BFB61A754655
:1011D80040EA5C005B084FEA3202B6EB020E75EBA0
:1011E800030E22BFB61A754640EA9C005B084FEA18
:1011F8003202B6EB020E75EB030E22BFB61A754625
:1012080040EADC0055EA060E18D04FEA051545EA13
:1012180016754FEA06164FEAC30343EA52734FEABC
:10122800C2025FEA1C1CC0D111F4801F0BD141EA35
:1012380000014FF000004FF0004CB6E711F4801F9A
:1012480004BF01430020B4F1FD0C88BFBCF5E06F7A
:101258003FF6AFAEB5EB030C04BFB6EB020C5FEA8A
:10126800500C50F1000041EB045170BD0EF0004EDF
:101278004EEA113114EB5C04C2BFD4EB0C0541EA11
:10128800045170BD41F480114FF0000E013C90E60E
:1012980045EA060E8DE60CEA135594EA0C0F08BFD2
:1012A80095EA0C0F3FF43BAF94EA0C0F0AD150EAD1
:1012B80001347FF434AF95EA0C0F7FF425AF104664
:1012C80019462CE795EA0C0F06D152EA03353FF48C
:1012D800FDAE1046194622E750EA410618BF52EA09
:1012E80043067FF4C5AE50EA41047FF40DAF52EADD
:1012F80043057FF4EBAE12E74FF0FF3C06E000BF7A
:101308004FF0010C02E000BF4FF0010C4DF804CD86
:101318004FEA410C7FEA6C5C4FEA430C18BF7FEA46
:101328006C5C1BD001B050EA410C0CBF52EA430C74
:1013380091EA030F02BF90EA020F0020704710F1F4
:10134800000F91EA030F58BF994208BF90422CBF83
:10135800D8176FEAE37040F0010070474FEA410C7C
:101368007FEA6C5C02D150EA013C07D14FEA430C9A
:101378007FEA6C5CD6D152EA033CD3D05DF8040B0B
:10138800704700BF8446104662468C46194663463D
:1013980000E000BF01B5FFF7B7FF002848BF10F114
:1013A800000F01BD4DF808EDFFF7F4FF0CBF012059
:1013B80000205DF808FB00BF4DF808EDFFF7EAFFD5
:1013C80034BF012000205DF808FB00BF4DF808ED90
:1013D800FFF7E0FF94BF012000205DF808FB00BF85
:1013E8004DF808EDFFF7CEFF94BF012000205DF80F
:1013F80008FB00BF4DF808EDFFF7C4FF34BF01201C
:1014080000205DF808FB00BF4FEA410C7FEA6C5CE6
:1014180002D150EA013C0AD14FEA430C7FEA6C5CE6
:1014280002D152EA033C02D14FF0000070474FF05E
:10143800010070470D48854601F060FA0C480D49D7
:101448000D4A002302E0D458C4500433C4188C4217
:10145800F9D30A4A0A4C002301E013600432A2427D
:10146800FBD309F03DFE00F0F3FFFEE7004001204A
:1014780000000020D401002078E10008D4010020F9
:101488001C1E0020FEE700000246D0B1312918D901
:10149800B1F5FA6F15D848000B4BB3FBF0F3012BED
:1014A80010D9EFF3108072B6116211680968013B18
:1014B800CB621168CB6013681B6800225A6200B9BE
:1014C80062B670470223ECE740420F0008B54B1E96
:1014D800DBB2012B00D908BD481E00EBC000114645
:1014E800024B03EB8000FFF7CFFFF4E7601000200A
:1014F80008B505F0E1FC08BD08B505F0DDFC4FF4C2
:101508007A7303FB00F008BD38B505F0D5FC184B1D
:101518001B7853B1174B1B68C01A40F6B733984273
:1015280022D9154B18685D6801E00020054613496B
:10153800FFF708F91149FFF7B9F91149FEF7FAFF62
:10154800FFF702FB04460D492846FFF7FBF80B4955
:10155800FFF7ACF90A49FEF7EDFFFFF7F5FA094B7B
:101568001B685C63986338BD00200546DFE700BF51
:1015780014020020080200200C0200200000C842CB
:101588000080BB443011002038B54B1EDBB2012B64
:1015980014D80C4615460A491046FFF78FFA30B999
:1015A80008492846FFF76CFA10B1064D00E0044DD3
:1015B800013C054B43F82450FFF7A6FF38BD00BF98
:1015C8000000C8420000C8C20C02002070B110B56B
:1015D8000446006848B107F0CFFD00222189606801
:1015E80005F0D7FE00236377A37710BD704700008E
:1015F8004B1EDBB2012B00D970472DE9F0414C1E80
:1016080004EBC406084D05EB8606EFF3108872B6A6
:101618003046FFF7DBFF00237361B361B8F1000FB9
:1016280000D162B6BDE8F0816010002008B50A4616
:10163800064B197019B9064B002119605960202111
:10164800044805F0A6FEFFF75FFF08BD140200205E
:101658000C0200200000024040B310B50446837F0E
:1016680063B1437F73B9426983699A4207D0012203
:101678000189406805F08DFE0123637710BDFFF7EF
:10168800A5FFFBE700220189406805F082FE0023E0
:101698006377227F52B26369134463616269A36905
:1016A8009A42EBD12046FFF791FFE7E77047002801
:1016B80032D070B50D460446EFF3108672B6FFF7C8
:1016C80085FFA561A26963699A421FD0A26963690F
:1016D8009A421EDD01232377227F52B2002AD4BF0B
:1016E80000220122218AE06805F053FE23681B6866
:1016F80000225A6223681B686FF001021A61206891
:1017080007F008FDB0FA80F04009A07706B962B684
:1017180070BD4FF0FF33DEE77047000008B54B1E81
:10172800DBB2012B00D908BD481E00EBC0001146F2
:10173800024B03EB8000FFF7BAFFF4E760100020CC
:1017480008B5084605F0BEFB08BD08B505F0BAFBAC
:1017580008BD10B584B032240294BDF81840019435
:1017680000930123994006F06FFDB0FA80F040091C
:1017780004B010BD10B584B032240294BDF81840EE
:10178800019400930123994006F0AEFCB0FA80F072
:10179800400904B010BD10B582B03224009449004D
:1017A80006F024FBB0FA80F0400902B010BD00003A
:1017B80000B583B01346642200920A4641000448EB
:1017C80006F014FBB0FA80F0400903B000BD00BF7A
:1017D800B011002010B582B032240094490006F000
:1017E8004BFAB0FA80F0400902B010BD00B583B0E2
:1017F8001346642200920A464100044806F03CFA67
:10180800B0FA80F0400903B000BD00BFB01100205D
:1018180008B51E230322490006F092FEB0FA80F0B4
:10182800400908BD2DE9F04740B3884691469A46DD
:1018380006462BB300273D46082405E0FF2D01D0BE
:101848000135EDB20134E4B2772C12D80523012218
:1018580004FA02F1304606F073FE0028F2D1B8F11E
:10186800000FEBD04F45E9D27B1C08F80740DFB2E8
:10187800E4E78AF800702846BDE8F0870025FAE713
:101888000025F8E7F0B589B003AD0024039404946B
:101898000594069407941A4BDA6942F00102DA615A
:1018A800DA6902F001020192019ADA6942F0020251
:1018B800DA61DB6903F002030293029B114F2246AF
:1018C8004FF48461384605F064FD0F4E22463821F6
:1018D800304605F05EFD4FF48463039301230493BF
:1018E8000594022306932946384605F0C5FB38239C
:1018F80003932946304605F0BFFB09B0F0BD00BF91
:1019080000380240000002400004024010B5124CAA
:1019180048220021204609F06CFB104B2360104B35
:1019280063604FF48063238103F1804303F5003340
:10193800E36008222282012121774FF44872226253
:1019480008486062A3622020A08523631023A38631
:1019580084F84010626410BD6010002070110020EF
:1019680000000240F01000202DE9F04387B0164631
:10197800002201920292039204920592002800F03C
:1019880098800D461F468046002900F094800E9BE3
:10199800002B00F0928006F055F9D8F80030484A3C
:1019A800934204D0474A93420BD0002078E0464B3C
:1019B8009A6942F400129A619A6922F400129A61B3
:1019C80008E0414B9A6942F480029A619A6922F4CC
:1019D80080029A613C4BDA6942F00202DA61DB6903
:1019E80003F002030093009B46EA070901224946D7
:1019F800284605F0CEFCCDF804901123029301246B
:101A080003940223049301A9284605F035FB2046D8
:101A180005F058FA002411E000223146284605F066
:101A2800B8FC012005F04EFA01223146284605F09F
:101A3800B0FC012005F046FA0134E4B20F2CEBD9D2
:101A480000223946284605F0A4FC012005F03AFAA0
:101A580001223146284605F09CFC012005F032FAA7
:101A680001223946284605F094FC012005F02AFA9F
:101A78003146284605F086FC04463946284605F0D6
:101A880081FC012C0FD000230E9A1370494628467A
:101A980005F0E6FB404605F0F7FFB0FA80F0400994
:101AA80007B0BDE8F083012801D00023ECE701234B
:101AB800EAE70020F4E70020F2E70020F0E700BFA3
:101AC80000540040005800400038024000B583B080
:101AD800054B00934FF400634FF4806203490448B8
:101AE800FFF742FF03B000BD1702002000040240C8
:101AF800B011002000B583B0054B00934FF400737C
:101B08004FF4807203490448FFF72EFF03B000BD6D
:101B180016020020000402400412002050B110B543
:101B28000446FFF7CFF9962382B22146024807F010
:101B380036FE10BD704700BFA810002008B5024847
:101B4800FFF7ECFF08BD00BF40D200082DE9F041C7
:101B5800C8B000228DF81720474B1B78CBB9474CEB
:101B6800204606F0B3FD064614230222EC21204647
:101B780006F0E6FC88B10DF11703082206A93F48D4
:101B8800FFF750FE074600B300248DF82040254695
:101B980042E03B48FFF7C2FF66E03A4B93F8280063
:101BA80002F098FB0346384A127862B1374A18ACFB
:101BB80001960092364AC021204609F087F920464E
:101BC800FFF7ACFF50E0334AF1E72E4B93F82800BB
:101BD80002F080FB03462C4A127862B12B4A18ACFB
:101BE800019600922C4AC021204609F06FF9204640
:101BF800FFF794FF38E0274AF1E7284B06AA125D61
:101C08000092274A414609F061F9002810DB804517
:101C18000ED905440134E4B29DF81730A34207D920
:101C280008A82844C5F14008002CE6D11D4BE5E77B
:101C38009DF81730BB421AD21B4D124B93F828005F
:101C480002F048FB104B1B789BB1104B18AC039665
:101C580002930190009508AB144AC021204609F070
:101C680035F92046FFF75AFF48B0BDE8F0810D4D21
:101C7800E3E7084BEAE700BF19020020B011002093
:101C8800A0D2000834100020170200207CD20008DF
:101C9800E4D2000888D2000848D3000894D200088B
:101CA800BCD30008E0D4000898D20008C8D30008C4
:101CB80010B596B0124B1B7883B9124B1B785BB1E9
:101CC800114B02AC114A5021204609F0FFF820467A
:101CD800FFF724FF16B010BD0D4BF2E70D4C204660
:101CE80001F0B8FF034694F8212002AC00920A4A9A
:101CF8005021204609F0EAF82046FFF70FFFE9E7F0
:101D080018020020160200207CD200082CD40008FB
:101D180088D20008E80F002058D40008104B93F828
:101D28005831DBB110B58CB004460D4B93F8C83070
:101D380033B90C4B1B68C31A40F2DC52934201D8EA
:101D48000CB010BD30236A460749054802F0E0FE92
:101D58000648FFF7E3FE034B1C60F1E7704700BF3E
:101D6800840E00200402002074D400087CD40008EB
:101D7800B0B338B50546FFF7A5F80446002100E0E2
:101D88000131A14205D26B5C164AD35C13F0080FEF
:101D9800F6D159B90CB3631EEA5C12498A5C12F099
:101DA800080F0AD00022EA541C46F3E7641A621CA2
:101DB8002944284609F004F9ECE7002301E0027001
:101DC80001339C420BD9E818EA5C0649895C01F0AA
:101DD80003010229F3D1203AF1E72346F1E738BDA0
:101DE800704700BFF9DD000810B588B00446264BDF
:101DF8001B78F3B9254B1B68C31A40F6B7329342D8
:101E080001D808B010BD214B1860FFF773FE0028F9
:101E1800F7D01F48014601F053FE1B4B18700028ED
:101E2800EFD01C4B1C601C4B00221A60FFF740FFD0
:101E3800E7E701A9164801F0B1FEF0B9144B93F891
:101E4800223073B1134B1B68E31A40F6AC5293422D
:101E5800D7D9114B1B6823B1E31A40F2DC529342E5
:101E6800CFD90B4801F078FE074B00221A70074BB8
:101E78001C600A48FFF752FEC3E7074B1C6001A924
:101E8800074802F01FFEBCE718020020F8010020F6
:101E9800E80F002000020020FC010020A4D4000864
:101EA800840E002070B588B0314B1B78002B3AD1D6
:101EB800304B1B68C31A40F6B732934201D808B0BA
:101EC80070BD2C4B1860FFF701FE0028F7D02A4C94
:101ED800256A666A294A01AB07CA83E807001946DA
:101EE800204601F04DFF224B187025492846FEF781
:101EF800DBFD20B123492846FEF7CCFD70B93146F9
:101F08001D4802F0D1F91A4B1B78002BD7D01E4B75
:101F180000221A701D48FFF701FED0E72946204627
:101F280002F0ACF9EBE71A4B1B68C31A632BC6D94E
:101F3800174B186004A9104801F0CAFF80B9124A6B
:101F480013780133DBB21370022BB8D90023084A87
:101F58001370094A82F829300E48FFF7DFFDAEE713
:101F6800094B00221A7004A90B4802F0C1FDA6E72C
:101F780019020020F401002034100020F8D10008D4
:101F880000806D440080894415020020B8D4000800
:101F9800F0010020E4D40008840E002010B5ADF54F
:101FA8001C7D164A5369926B154991F8F410E1B1FA
:101FB8000121134890F8F500C8B1012084AC0290C3
:101FC800019100920F4A6021204608F07FFF2046C9
:101FD800FFF7A4FD4FF4007204A9094803F032FA90
:101FE800002806DC0DF51C7D10BD0021E1E700206E
:101FF800E4E704A8FFF792FDF4E700BF60100020B3
:10200800840E0020F8D400082E4B1B782E4A127834
:102018009A4256D030B5B9B0EFF3108572B6294C54
:10202800217801EB41016022284B03EB411120A8E4
:1020380009F093F82378013303F01F03237005B9DF
:1020480062B600238DF8DF3020A8FFF791FE9DF8D7
:1020580080300BB939B030BD04F02EFF1C4B18602E
:102068001C4920A8FEF724FFE8B11B4920A8FEF769
:102078001FFF0028EED0194920A8FEF719FFC8B1A4
:10208800174920A8FEF714FFC0B180236A460DEB5C
:102098000301144802F03CFD6846FFF73FFD124873
:1020A800FFF73CFDD6E7FFF749FDFFF74FFDFFF7C8
:1020B800FFFDCFE70D48FFF731FDCBE7FFF76EFFD8
:1020C800C8E770471A0200201B02002020020020E7
:1020D8000402002018D5000820D5000828D50008DB
:1020E800B0D50008840E0020F4D4000830D50008CC
:1020F80008B50368B3F1804F03D0064A934204D071
:1021080008BD0548FFF7A8FAFAE70448FFF7A4FA5C
:10211800F6E700BF000C004060100020841000208B
:1021280038B50268244B9A4200D038BD234B1B783F
:102138000D2B0FD00A2B0DD0214A128892B25E2A9D
:1021480036D81F48028892B2511C89B201801D49B5
:102158008B5415E01A4B1B889BB28BB11A4B1C7819
:10216800013404F01F04164B1B889BB2154A00214A
:10217800D154164B1B78A34208D1114B00221A8068
:1021880001220E49124807F060FDCEE70E4D28786F
:1021980000EB40000A4B1A8892B2013209490D4BF4
:1021A80003EB401008F0D9FFBFF35F8F2C70E4E712
:1021B800034B00221A80E3E700440040800E002011
:1021C8001C020020200E00201B0200201A02002002
:1021D800A81000202002002008B50268044B9A428B
:1021E80000D008BD01220349034807F02EFDF8E797
:1021F80000440040800E0020A810002072B60D4B4D
:1022080040F2DC525A639A634FF08042136823F01D
:102218000103136002F54062136823F001031360A1
:10222800054B4FF080629A614FF4001203498A61AE
:102238009A61FEE7000400400000024000040240EA
:1022480000B595B03422002107A808F0D2FE00237B
:10225800029303930493059306931E4B5A6A42F024
:1022680080525A625B6A03F080530193019B1A4AB9
:10227800136823F4C05343F400631360164B5B6880
:1022880013F0100FFAD10223079301220A921022A9
:102298000B921093002311934FF4002312934FF4E1
:1022A8000003139307A806F05BFA70B90F23029393
:1022B800032303930023049305930693012102A8A3
:1022C80006F038FD18B915B000BDFFF797FFFFF706
:1022D80095FF00BF003802400070004008B501605B
:1022E8001F224260002282604FF41C71C1600261AB
:1022F800426106F0EAFE00B908BDFFF77FFF000063
:1023080008B54FF080410248FFF7E8FF08BD00BF5D
:102318007011002008B502490248FFF7DFFF08BD29
:10232800000C0040F010002000B587B00023049393
:10233800059300930193029303931A481A4A026083
:102348001F224260836044F61F62C26003614361DA
:1023580006F026FFF8B900230493059304A9114851
:1023680007F0A8F8C8B96023009340F2DC53019342
:1023780000220292039269460A4806F095FF70B956
:1023880004226946074806F08FFF40B9054800F067
:102398005BFA07B000BDFFF731FFFFF72FFFFFF72C
:1023A8002DFF00BF301100200004004008B50A4886
:1023B8000A4B03604FF4E133436000238360C3603A
:1023C80003610C2242618361C36107F0B8F900B967
:1023D80008BDFFF713FF00BFA8100020004400400D
:1023E80008B50A480A4B03600A4B43600023836020
:1023F800C3604FF48042026143618361C361036239
:1024080005F042FB00B908BDFFF7F8FE04120020F2
:1024180000540040A086010008B50B480B4B036030
:1024280042F21073436000238360C3604FF480421C
:10243800026143618361C361036205F025FB00B952
:1024480008BDFFF7DBFE00BFB011002000580040B8
:102458002DE9F04192B0574C94E8070012AB03E91C
:10246800070007AD04F10C060FCE0FC596E80F0064
:1024780085E80F006D462C340FCC0FC594E8070093
:1024880085E8070004F0F2FCFFF7DAFEFFF7FAF937
:10249800FFF736FFFFF748FFFFF73CFFFFF786FF20
:1024A800FFF79EFFFFF7B8FFFFF730FA42480368CF
:1024B80040F2DC525A639A63002106F095FE20B977
:1024C80004213D4806F090FE08B1FFF797FE04F09E
:1024D800F3FC3A4B1860FFF7F9FA50B90022384B71
:1024E8001A70384A6946384802F0A4FA50B9FFF71A
:1024F80085FE0FA9334801F043FC08B10122EEE73D
:102508000022ECE7FFF7F6FA90B900222F4B1A7079
:1025180004F0D2FC2E4B186004F0CEFC2D4B186052
:1025280001222D492D4807F090FB50B1FFF766FEB8
:1025380007A92B4801F0C4FA08B10122E6E70022F6
:10254800E4E7FFF7FBFAFFF701FBFFF7B1FB04F045
:10255800B3FC804604F0B0FC074604F0ADFC04462A
:10256800204D6969AA6B184E304602F0A5FAFFF7AC
:102578004BFD2046FFF738FC2046FFF793FC6969BE
:10258800AA6B304602F098FAA4EB0803132B0BD879
:102598002046FFF7C3FBFEF7B7FFE31BF92BDCD997
:1025A800FFF7FCFC2746D8E7304602F05FFEA0465E
:1025B800EEE700BFF8D10008301100200802002023
:1025C8001902002034100020840E00201802002078
:1025D8000002002004020020800E0020A810002025
:1025E800E80F00206010002010B582B004468DF876
:1025F8000700642301220DF10701034807F0CFF813
:10260800204602B010BD00BFA810002000B583B05E
:102618000B4B1A6A42F001021A621A6A02F00102AE
:102628000092009A5A6A42F080525A625B6A03F03A
:1026380080530193019B032004F08AFC03B000BD82
:102648000038024000B589B0002303930493059332
:1026580006930793204BDA6942F00202DA61DB69DC
:1026680003F002030093009B1223049301230593B4
:10267800022306930368194A934204D0184A9342E6
:1026880015D009B000BD144B5A6A42F400125A62C0
:102698005B6A03F400130193019B4FF440730393A7
:1026A8000423079303A90F4804F0E6FCE9E70A4B63
:1026B8005A6A42F480025A625B6A03F48003029306
:1026C800029B4FF4406303930423079303A905482F
:1026D80004F0D2FCD5E700BF0038024000540040A7
:1026E800005800400004024008B503680F4A9342AE
:1026F80003D00F4A93420CD008BD02F5F232536A58
:1027080023F4001353624FF440710A4804F0A8FD03
:10271800F2E702F5F032536A23F4800353624FF470
:102728004061044804F09CFDE6E700BF0054004007
:10273800005800400004024000B589B0002303930C
:1027480004930593069307930268174B9A4201D0A6
:1027580009B000BD03F5FA33DA6942F00102DA6123
:10276800DA6902F001020192019A5A6A42F40032CF
:102778005A625B6A03F400330293029B0C230393AF
:10278800022304930122059206930723079303A9C2
:10279800064804F071FC00220621262004F0EAFB1A
:1027A800262004F0F7FBD3E7004400400000024075
:1027B80000B583B00368B3F1804F04D0154A934243
:1027C80015D003B000BD03F50E335A6A42F001027A
:1027D8005A625B6A03F001030093009B0022042104
:1027E8001C2004F0C7FB1C2004F0D4FBE9E70A4BCB
:1027F8005A6A42F008025A625B6A03F008030193BE
:10280800019B002204212E2004F0B4FB2E2004F0AA
:10281800C1FBD6E7000C0040003802400268094BB3
:102828009A4200D0704782B003F50D335A6A42F0DD
:1028380002025A625B6A03F002030193019B02B031
:10284800704700BF0004004000B587B00023019323
:10285800029303930493059302680D4B9A4201D0A7
:1028680007B000BD03F50D33DA6942F00102DA6101
:10287800DB6903F001030093009BC023019302234B
:1028880002930493059301A9024804F0F5FBE7E7D6
:102898000004004000000240704708B5FFF7AEFC96
:1028A80008BD08B5FFF7AAFC08BD08B5FFF7A6FCE8
:1028B80008BD08B5FFF7A2FC08BD70477047704710
:1028C80008B504F0EDFA04F088FB08BD08B5024825
:1028D80006F05CFD08BD00BF7011002008B5024875
:1028E80006F054FD08BD00BFF010002008B50248EE
:1028F80007F042F808BD00BFA8100020704701206B
:10290800704708B508F0E6FB162303604FF0FF3068
:1029180008BD08B54FF0FF31FFF7F3FFFEE770B5CC
:102928000C461646002506E0AFF30080214601F864
:10293800010B01350C46B542F6DB304670BD70B56B
:102948000C461646002504E014F8010BFFF74CFE70
:102958000135B542F8DB304670BD4FF0FF307047A7
:102968004FF400534B60002070470120704700204F
:102978007047000010B503460C4A0D490D48006821
:1029880040B10C4800680344521A934206D8094AD9
:10299800136010BD0748084C0460F2E708F09AFB82
:1029A8000C2303604FF0FF30F3E700BF0040012025
:1029B8000004000058120020201E002070B50446B4
:1029C8000E461546FEF75CF830B929462046FEF754
:1029D80075F818B9204670BD3046FCE72846FAE776
:1029E80010B5044604E00C492046FDF7A1FD044655
:1029F80009492046FEF758F80028F4D104E00649B2
:102A08002046FDF797FD044600212046FEF738F8DA
:102A18000028F4D1204610BD0000B44338B50D4657
:102A2800FFF7DEFF04462846FFF7DAFF0146204697
:102A3800FDF77EFD044604E00C492046FDF778FDCD
:102A480004460B492046FEF739F80028F4D104E083
:102A580006492046FDF76EFD044606492046FEF766
:102A68000FF80028F4D1204638BD00BF0000B44359
:102A780000003443000034C3002800F0B08038B5AB
:102A880004460378012B01D9002038BD4568002190
:102A98002846FEF709F8002800F0A3806C4928466C
:102AA800FDF7F8FF002800F09E80A5680021284661
:102AB800FDF7FAFF002800F0988065492846FDF7E1
:102AC800E9FF002800F09380E56800212846FDF71B
:102AD800EBFF002800F08D805D492846FDF7DAFFFE
:102AE800002800F088802369B3F5FA7FC0F085805C
:102AF800584A934200F2838062694EF660239A42F4
:102B08007FD8A369B3F57A7F7DD3524A93427CD8A4
:102B1800626E43F697239A4279D9E56C00212846DC
:102B2800FDF7CCFF002874D049492846FDF7B2FFCD
:102B3800002870D0256D00212846FDF7BFFF00282A
:102B48006BD043492846FDF7A5FF002867D0656D7F
:102B580000212846FDF7B2FF002862D03C492846EC
:102B6800FDF798FF00285ED0A56D3B492846FDF784
:102B78009BFF002859D039492846FDF78BFF0028CC
:102B880055D00021206CFDF799FF002851D0002175
:102B9800606CFDF793FF00284DD00021A06CFDF775
:102BA8008DFF002849D00021E06DFDF787FF002840
:102BB80045D0D4F88030002B43D0256E28492846CC
:102BC800FDF754FF28B94FF07E512846FDF74EFF18
:102BD800C8B394F88430022B37D9002055E7002079
:102BE8007047002051E700204FE700204DE7002004
:102BF8004BE7002049E7002047E7002045E7002091
:102C080043E7002041E700203FE700203DE70020A0
:102C18003BE7002039E7002037E7002035E70020B0
:102C280033E7002031E700202FE700202DE70020C0
:102C38002BE7002029E7002027E7002025E70020D0
:102C480023E7002021E700201FE701201DE700BF40
:102C58000000C842C0D401000000344200003443E0
:102C6800000080BF80F88810C0F88C200023C0F8CE
:102C78009030704708B580F88910002180F8A810B6
:102C88000F21FFF7EFFF08BD61B1D0F8901009B927
:102C9800C0F89020D0F89010521A9A4234BF002001
:102CA800012070470023C0F89030084670470000A4
:102CB800F8B5044608461546064F074E3A463146CB
:102CC800FFF77CFE20603A4631462846FFF776FE3D
:102CD8006060F8BD0000C8420000C8C22DE9F0419C
:102CE800044616461D46C968D0F89800FFF796FEB8
:102CF8000146676C07F10048206CFDF723FD3A4652
:102D08004146FFF75BFE044601462846FDF710FCE6
:102D1800074629462046FDF70DFC01463A4630464F
:102D2800FFF7C6FFBDE8F0812DE9F04104461646DD
:102D3800C968D0F89800FFF771FE0746656C05F181
:102D480000480146206CFDF7FDFC2A464146FFF786
:102D580035FE054627F00040E16DFDF7AFFE60B196
:102D680025F00040A46C2146FDF78AFE28B1002119
:102D78003846FDF799FE40B1254605F1004229463F
:102D88003046FFF795FFBDE8F08104F10045F4E710
:102D98002DE9F04383B004460F4616461D4690F8C9
:102DA8008430012B47D0022B47D00021A06BFDF7C0
:102DB800C9FCD4F83C8008F10049216EFDF7C2FC3B
:102DC80042464946FFF7FAFD0446DFF87C904FF08B
:102DD80000082946FDF7AEFB4A464146FFF7EEFDDF
:102DE800009021462846FDF7A3FB4A464146FFF7D7
:102DF800E5FD01900024012C21D802AB03EB8403EC
:102E080053F8085C04F1080357F82300FDF746FC63
:102E180001462846FDF796FC0B49FDF747FD4FF0A4
:102E28007C51FDF787FBFDF769FEA31C46F82300DC
:102E38000134E4B2DFE70969B8E74969B6E7012375
:102E4800737403B0BDE8F0830000C84208B50846B3
:102E580000230B7401224A748B60CB6000210A4660
:102E6800FFF726FF08BD000000284BD010B5044628
:102E78008822002108F0BDF8234B6360234AA26032
:102E8800234AE26041F28832226140F6B83161613A
:102E9800A261204A62624FF07F52A2621E4AE26239
:102EA8001E4A22631E4A62634FF07C52A2631D4A87
:102EB800E2631D4921646364A264E3642365626577
:102EC8001A4BA3651A4BE3654FF07E5323664FF404
:102ED8007A5363664FF4FA63A3664FF44873E36664
:102EE8004AF6C873236744F62063636742F2107397
:102EF800A3674EF66023E367C4F88030012384F8A3
:102F0800843010BD704700BF0000F0410000A041B0
:102F1800000070419A99993E0AD7A33C0AD7A33D6D
:102F28000000E04100004041CDCC4C3F0000B442DD
:102F380000004040D8B130B5A3B00C460546AC22DD
:102F4800002108F056F86846FFF78EFF4CB188223A
:102F58002146284608F001F9002385F8883023B077
:102F680030BD88226946284608F0F7F8F4E770472C
:102F780070B570B30C46064641B3FFF77DFD28B324
:102F880094F82B5045B3236A002B1ADD626A002A95
:102F980017DD94F82810A1B194F829508DB1A169D2
:102FA8001D4880FB03C0DB17C3EB6013994208DCA4
:102FB800E169194B83FB0203D217C2EB63129142FA
:102FC8000EDD042386F88930002503E0012386F806
:102FD80089300025284670BD032386F88930F9E733
:102FE8007368C6F8A430E068FFF7FAFCC6F89800E2
:102FF800C6F89C000023C6F8A030002386F8893064
:10300800012386F8A8302268C6F8942002213046A9
:10301800FFF728FEDEE700BF1F85EB5140B108B57A
:103028000A46002180F8A8100E21FFF71BFE08BDF4
:1030380070470000002800F0DA812DE9F0470D46BE
:1030480014460646002975D0002A73D00023136061
:1030580053609360D36013610A68D0F88C30D71A34
:10306800C0F8942090F888300F2B11D8DFE803F0CF
:1030780062081010101010101010101010620B0BB6
:103088000123A37456E021462846FFF7DFFE51E0EE
:1030980095F82B1000293DD0296A002942DD686A7D
:1030A80000283FDD95F828C0BCF1000F3AD095F80C
:1030B80029C0BCF1000F35D00C2B3DD00123A374DF
:1030C800237496F888300B2B78D8052B68D2032BFD
:1030D8007ED0042B00F09980022B6FD173682246B2
:1030E80029463046FFF754FE00210A462046FFF7DE
:1030F800DFFD3369BB421DD8E868FFF771FCC6F8ED
:103108009800B368C6F8A4302A6803213046FFF750
:10311800A9FD0FE00321FFF7ADFD21462846FFF783
:1031280095FE07E004213046FFF7A4FD2146284616
:10313800FFF78CFEBDE8F087AA69AD4B83FB013C25
:10314800CB17C3EB6C139A420BDCEA69A84981FBE5
:103158000031C317C3EB61139A4215DD4FF0000825
:1031680001E04FF0000821462846FFF76FFEB8F14E
:10317800000F0CD1D6F88030BB42DBD82A68092171
:103188003046FFF777FDD5E74FF00108EBE700235E
:1031980086F8A8302A680D213046FFF763FDC9E795
:1031A800012202FA03F313F42A6F47D113F4886F4C
:1031B80040F0868013F4807F40F0C3802A680121A4
:1031C8003046FFF757FD21462846FFF73FFEB1E797
:1031D800B368224629463046FFF7DAFD00210A4641
:1031E8002046FFF765FD7369BB42A3D8E868FFF77F
:1031F800F7FBC6F8980033782BB904212A683046C3
:10320800FFF730FD96E70521F8E7B368224629461F
:103218003046FFF7BDFDF368224629463046FFF7E2
:103228005DFDB369BB4285D82A680C213046FFF79B
:1032380019FD21462846FFF709FE7BE7B3682246B9
:1032480029463046FFF7A4FDF36C2246294630464E
:10325800FFF744FD736EBB423FF66CAF96F888707B
:10326800052F0DD0092F0BD0072F1BD02A680C2152
:103278003046FFF7F7FC21462846FFF7E7FD59E7F8
:10328800B16DE868FDF756F9FFF7AAFBC6F8980094
:10329800052F05D00A212A683046FFF7E3FC49E7E5
:1032A8000621F8E7E868FFF79BFBC6F89C000023B7
:1032B800C6F8A0302A6808213046FFF7D3FC39E762
:1032C800B368224629463046FFF762FD2246294662
:1032D8003046FFF729FDE968D6F89800FFF79EFB0E
:1032E80020F000404FF00108F16DFDF7D3FB08B95D
:1032F8004FF00008F36E2A6808F001013046FFF726
:10330800C3FC68B9736FBB423FF614AF2A68062145
:103318003046FFF7AFFC21462846FFF797FD09E73F
:10332800E868FFF75DFBC6F8980096F88830062B2A
:1033380005D00B212A683046FFF794FCFAE60721EE
:10334800F8E7D6F89C10E868FFF768FB8046B36892
:10335800224629463046FFF71BFDE868FFF740FB89
:10336800C6F89C0000214046FDF7A8FB58B121494A
:103378004046FDF785FB30B14146D6F8A000FDF781
:10338800D9F8C6F8A000D6F85090D6F854A05146FF
:103398004846FDF7CDF8804651464846FDF7CAF83D
:1033A800014642462046FFF783FC1349D6F8A000A1
:1033B800FDF77AFB10B1B36FBB420DD9F36FBB4277
:1033C8003FF6B8AE2A6807213046FFF753FC21467E
:1033D8002846FFF73BFDADE6E868FFF701FBC6F8B6
:1033E80098002A6809213046FFF73CFCA2E670479E
:1033F8001F85EB51000034420000B4430F2803D866
:10340800024B53F8200070470148704754DD00080C
:10341800B8D50008092803D8024B53F82000704794
:10342800014870472CDD0008B8D5000888B142680B
:103438008AB182688AB1C2688AB102698AB142696E
:103448008AB182698AB1C3690BB101207047002033
:103458007047002070470020704700207047002008
:10346800704700207047002070470020704788424E
:1034780028BF0846704710B584B08DF80F2004693E
:10348800012300930DF10F030A4690F821100068FC
:10349800A04704B010BD10B582B01346446901229C
:1034A80000920A4690F821100068A04702B010BDAB
:1034B80070B582B004460D4600238DF80730436886
:1034C80000689847064610B9304602B070BD84F8C7
:1034D80021500DF1070200212046FFF7DCFF0646C8
:1034E8000028F1D09DF80730A02B01D00026EBE78B
:1034F80000223D212046FFF7BEFF06460028E3D004
:10350800A369192120689847002207212046FFF760
:10351800B2FF08B90026D7E700223F212046FFF76F
:10352800AAFF0028F6D0A3690A212068984700223C
:103538003E212046FFF79FFF06460028C4D0A36916
:103548000A212068984700223B212046FFF793FF75
:1035580006460028B8D0A3690A21206898470C229B
:103568003D212046FFF787FF06460028ACD0A36917
:103578001E2120689847012384F8203084F82230DF
:10358800E36920689847A0F543405038A0629BE75C
:1035980038B5144B1B680BB30024042C1BD8114BF3
:1035A800186885680523104A90F821100068A84714
:1035B80040B90C4B1B689A691E2118689047013462
:1035C800E4B2EAE7074B1B689A694FF496711868EA
:1035D8009047002001E04FF0FF3038BD4FF0FF303A
:1035E800FBE700BF7012002094DD00087047000060
:1035F80038B5114B186878B1144681B192B1B2F55B
:10360800803F12D2856893B20A4690F8211000686C
:10361800A84768B1204638BD4FF0FF30FBE74FF0B0
:10362800FF30F8E74FF0FF30F5E74FF0FF30F2E7F3
:103638004FF0FF30EFE700BF7012002008B5044BD1
:103648001B681BB1DA691868904708BD0020FCE7C1
:103658007012002010B504464FF07E51FDF72EFA87
:1036680030B906492046FDF70BFA20B9204601E09B
:103678004FF07E5010BD0148FCE700BF000080BF3E
:1036880028B121B10A6812B9012280F824207047B4
:103698002DE9F04186B005460C4600238DF80F3021
:1036A80046690623009304AB1A2290F8211000689B
:1036B800B047064618B9304606B0BDE8F0810DF1AE
:1036C8000F0235212846FFF7E6FE9DF810009DF809
:1036D8001120120212B29DF812709DF813301B02CD
:1036E8001BB21F439DF814809DF815301B021BB2B6
:1036F80048EA0308002323606360A360E360236152
:103708006361A3611043FCF7C9FF4FF07651FDF7E1
:1037180019F820603846FCF7C1FF4FF07651FDF7E5
:1037280011F8A0604046FCF7B9FF4FF07651FDF75D
:1037380009F860609DF80F30637695F82C30237691
:10374800EB6A0133EB62B6E72DE9F04F83B00C4624
:10375800066847688568D0F80CA051463046FCF7E3
:10376800F1FF804629463846FCF7ECFF0146404603
:10377800FCF7E0FE0146FCF7DDFE019031463046DD
:10378800FCF7E0FF814639463846FCF7DBFF804608
:1037980001464846FCF7CEFE0146FCF7CBFE014643
:1037A8004FF07E50FCF7C4FE814651463846FCF780
:1037B800C9FF834629463046FCF7C4FF01465846F0
:1037C800FCF7B6FE0146FCF7B5FEFFF743FF83465C
:1037D80051462846FCF7B6FF824639463046FCF784
:1037E800B1FF01465046FCF7A5FE0146FCF7A2FED4
:1037F800064629462846FCF7A5FF01464046FCF741
:1038080099FE0146FCF796FE01464FF07E50FCF704
:103818008FFE05464946019806F04AFA1049FCF71A
:1038280091FFA060584606F023FA0D49FCF78AFF7D
:1038380060602946304606F03BFA0949FCF782FFEA
:10384800054620600021FDF71BF910B903B0BDE85B
:10385800F08F04492846FCF76DFE2060F6E700BFAC
:10386800E12E65420000B443B0B370B58CB00C468D
:10387800054669B130220021684607F0BAFB2146A7
:10388800684602F006FE18B99DF80030052B01D0F5
:103898000CB070BD00232B636B63AB63EB632B64CD
:1038A8006B64AB6405F1300105A8FFF74DFF9DF887
:1038B800013085F848309DF8023003F0030303EB2C
:1038C800830303EB031385F84930012385F823307C
:1038D800EB6A0133EB62DBE7704700002DE9F04348
:1038E8008BB00D4635490868002855D016461C4649
:1038F800002D53D0032A53D9C768042309AA90F886
:1039080021100068B847074600284DD02CB12B4B32
:103918001B68DA691868904720609DF824009DF8B4
:10392800253040EA0320C0F30E08B8F1030F3DD953
:10393800B0453DD846461EE0311D89B22020FFF72C
:1039480096FD04461D4B1868D0F80C90234601AA32
:1039580090F821100068C84760B3AFB9042C2BD980
:10396800043CA4B2224602A9284607F0F6FB2544E7
:10397800341BA6B200276EB1002FDDD031462020BF
:10398800FFF775FD0446DDE7224601A9284607F042
:10399800E4FBECE7404604E0002002E0002000E001
:1039A80000200BB0BDE8F0830020FAE70020F8E71C
:1039B8000020F6E70020F4E70020F2E7701200206C
:1039C80000B587B001A9002301934B608B60CB60E1
:1039D8000B6144F620630393052002F055F9B0FA11
:1039E80080F0400907B000BD70B596B004460E4699
:1039F800436800689847054610B9284616B070BD58
:103A080084F82160022384F82030244B1C60244869
:103A18000023036043608360C3600361214B03603C
:103A2800214B4360214B8360214BC360214B0361D1
:103A38002246214902F068F818B10025174B1D608D
:103A4800DBE701AD54220021284607F0D2FA2846C8
:103A580002F008F910B99DF854302BB902F0E2F8D9
:103A680000250E4B1D60C8E72146144802F0F0F807
:103A78000028F3D1FFF7A4FF05460028EED0012364
:103A880084F82230002384F82430E36920689847BA
:103A9800A0F59C500838A062AFE700BF7012002064
:103AA8005C12002099350008F5350008E538000853
:103AB800F9350008453600088936000871380008CD
:103AC80070B588B0002845D00C4605460846FFF773
:103AD800ADFC064610B9304608B070BDEE46A446A7
:103AE800BCE80F00AEE80F009CE80F008EE80F005E
:103AF8004C220021284607F07CFA2C46EC46BCE80C
:103B08000F000FC49CE80F0084E80F004A212846E4
:103B1800FFF76AFF0028DED14B212846FFF764FF34
:103B28000028D8D1002385F8203085F821302821B5
:103B38002846FFF7BDFC0028CDD129212846FFF7EC
:103B4800B7FC0028C7D1002385F8203085F821303C
:103B58000646C0E70026BEE7E8B110B5044690F86F
:103B68002030022B09D0002384F8223084F820303A
:103B780084F8213084F8233010BD074B1B6883423A
:103B8800F1D190F82230002BEDD002F04BF8024B27
:103B980000221A60E7E770477012002070B500280D
:103BA8004FD00D46064600294ED090F82240002CF2
:103BB80048D0C3690068984796F82030012B07D091
:103BC800022B43D1224B1B68B34210D0002439E0AA
:103BD800B36AC31A4CF24F32934201D8002431E041
:103BE800B06229463046FFF753FD04462AE0B36A1F
:103BF800C31A41F28732934210D896F823400CB387
:103C0800AC4606F130050FCDACE80F0095E807008B
:103C18008CE80700002386F8233013E0B06202F036
:103C28000FF896F82430002BE7D0002386F82430CC
:103C3800FFF7C6FE04460028DFD13046FFF78CFFA9
:103C480000E00024204670BD0024FBE70024F9E7CB
:103C58007012002038B190F82030022B05D0012BCB
:103C680005D0044870470348704703487047034825
:103C7800704700BFC0D50008FCD6000808D7000868
:103C880000B583B08DF80710036801220DF1070114
:103C98007620984703B000BD30B583B0044615467A
:103CA800FFF7EEFF00B3A3681420984700212046D1
:103CB800FFF7E6FF0346F0B16368032201A9762007
:103CC80098470346D8B19DF804209DF805100902CD
:103CD80041EA02419DF806201143296041B90B23AE
:103CE80084F82830002303E00346082284F82820BB
:103CF800184603B030BD092284F82820F8E70A22C4
:103D080084F82820F4E784B00346EC460068596834
:103D18009A68DB68ACE80F00BDF80030C3F30B030A
:103D2800ADF800300020ADF80E00024617E002F0B2
:103D3800FE0310336B4433F8103C1B0A1AE04000B2
:103D480080B20133DBB2072B07D810F4004FF6D04E
:103D5800400080B280F44050F3E70132D2B20F2A1B
:103D68000BD812F0010FE2D002F0FE0310336B44BF
:103D780013F8103C58400023E5E7000B04B07047E7
:103D8800F0B583B0002800F095800D4604462C223B
:103D9800002107F02EF9012384F82830002D00F0C7
:103DA8008D802B68002B00F08B806B68002B00F057
:103DB8008980AB68002B00F0878095E8070084E8CD
:103DC8000700424B23621E212046FFF759FF064693
:103DD80020B1A3680A209847002514E0032384F83B
:103DE800283068E0042284F82820064663E09DF81D
:103DF80004309DF8052042EA03222B1D04EB4303FF
:103E08009A800135EDB2062D16D805F15001C9B2D8
:103E1800490001F0FE012046FFF732FF0028E1D0FB
:103E28006368022201A9762098470028DFD105227D
:103E380084F8282006463EE035463246012310E045
:103E480000225DB1191D04EB410188884FF6FF710E
:103E5800884212D0002502E00122F2E70025013352
:103E6800DBB2062B0BD8002AEAD01A1D04EB42025B
:103E78009288002AF0D00022E3E70125EFE702B993
:103E880025B1062384F82830002614E0204630F8AF
:103E98000C7F3F0BFFF737FFB84204D0072384F8A5
:103EA80028302E4607E0002384F82830012384F8C0
:103EB800293000E00026304603B0F0BD0026FAE7BE
:103EC8000026F8E70026F6E70026F4E700407944E4
:103ED8002DE9F04F89B0002800F081810C46054695
:103EE80049B190F829605EB9022380F8283030463D
:103EF80009B0BDE8F08F012380F828300026F6E7E6
:103F080007AA4A21FFF7C8FE08B90026EFE706AA64
:103F18005A212846FFF7C0FE05900028F5D0069ADA
:103F2800EB8A1B02D21A61EB0101E889C0036E8A91
:103F3800A6FB023706FB01773E46002FC0F2A88099
:103F48001B0A43EA06633612C318009346F10003BE
:103F58000193B5F810E04FEA0E4EA88AA0FB02368E
:103F680000FB01663046002EC0F29680DB0943EA6A
:103F78004063C0111EEB030E40F1000302932F8B28
:103F8800A7FB023607FB01663746002EC0F2888081
:103F9800DB0D4FEAE75943EA472313F5FA6649F17F
:103FA8000007B6F5FA6F77F1000C80F2878002FB04
:103FB80001F1A2FB02C202EB41021CEB0C0142EB35
:103FC800020811EB0C0142EB08084246B8F1000F59
:103FD8006BDB51100391D217049203FB09F2A3FB88
:103FE800038A0AEB420A18EB080C4AEB0A011CEB9D
:103FF800080C4AEB0101CA0F12EB0C0241F1000157
:104008005208481042EAC17201464FEA8A0B4BEA4D
:10401800987B4FEA880C1CEB080C4AEB0B0BD84634
:10402800BBF1000F45DB4FEADC0C4FEAE80B4CEA2A
:10403800487CD846DFF8ACA156454FF0FF3A77EBFD
:104048000A0A58DA40F6AC5813EB080849F1000997
:1040580008FB09F9A8FB083808EB49084FEAC8012A
:1040680041EA53714FEAC309B9EB030961EB08014F
:1040780019EB02094A4640EB01014FEA880848EA71
:1040880093789B0013EB0C039C4648EB0B0832E03B
:10409800FF3347F1000653E77F3346F1000065E739
:1040A800514FDB1946F1000772E7013948F1010267
:1040B8008FE71CF1070C4BF10008B4E702FB01F194
:1040C800A2FB02C202EB41021146002A6ADB0A1176
:1040D8000392CA17049203FB09F9A3FB032303EB1A
:1040E80049031946002B62DB120942EA01720911E1
:1040F8004FF0000CE046039BF61A049B67EB03079E
:10410800BEEB0202029B63EB0101009BB3EB0C03C5
:10411800019860EB0800DDF81CE0AEFB033C0EFBE9
:1041280000CC6046BCF1000F45DB5B0D43EAC023C1
:1041380040159B1A60EB01021146002A40DB5B0B1D
:1041480043EAC1404913FCF7BFFA2849FCF7AEFB24
:10415800206030463946FCF7B7FA2549FCF7A6FB3C
:104168006060002385F8283095F82A6076B3E969FD
:104178002068FCF7DDF91E49FCF7E4FA07461D49FB
:10418800286AFCF7DFFA01463846FCF78FFBA06087
:104198000021FCF775FCF8B9696AA068FCF7CAF950
:1041A800E060A4E61CF1FF3C42F10F018FE70F32FB
:1041B80043F1000198E710481B184CF10000B4E7E0
:1041C80041F6FF715B1842F10001B8E70023A360D4
:1041D8006B6AE360059E8AE60023A360DCE700269D
:1041E80085E600BF24FAFFFFFFFF7F0000002041A3
:1041F8000000C8420AE81C41FFFF1F002DE9F041FA
:1042080084B0002836D00E46074690F82980B8F1C9
:10421800000F05D003290AD9202909D9202607E04B
:10422800022380F82830404604B0BDE8F081042617
:10423800002487F82A40002506E000992846FCF764
:1042480079F905460134E4B2A64207D969463846E9
:10425800FFF73EFE0028F0D18046E4E73046FCF741
:1042680019FA01462846FCF721FBF861012387F873
:104278002A30D8E74FF00008D5E7000070B138B50C
:104288000C46054606492046FCF70EFC28B10549B0
:104298002046FCF7FFFB00B12C6238BD704700BF19
:1042A80000806D440080894480B138B50C460546CD
:1042B80007492046FCF7F8FB28B14FF07E5120460D
:1042C800FCF7E8FB00B938BD6C62FCE7704700BF3B
:1042D800000080BF0B281DD8DFE800F0061E080A82
:1042E8000C0E10121416181A0C4870470C48704718
:1042F8000C4870470C4870470C4870470C4870478A
:104308000C4870470C4870470C4870470C48704779
:104318000C4870470C4870470C487047C0D50008D7
:1043280028D7000838D7000844D7000854D7000811
:1043380060D7000870D700087CD7000890D700081D
:10434800A4D70008B0D70008B8D5000814D70008CB
:1043580010B5044604E00C492046FCF7E9F8044689
:1043680009492046FCF7A0FB0028F4D104E00649DF
:104378002046FCF7DFF8044600212046FCF780FBC6
:104388000028F4D1204610BD0000B44338B50D46CE
:10439800FFF7DEFF04462846FFF7DAFF014620460E
:1043A800FCF7C6F8044604E00C492046FCF7C0F8C0
:1043B80004460B492046FCF781FB0028F4D104E0B1
:1043C80006492046FCF7B6F8044606492046FCF79D
:1043D80057FB0028F4D1204638BD00BF0000B44385
:1043E80000003443000034C308B590F858318B42BC
:1043F80004D080F8581103690068984708BD38B59B
:104408000446836800252A46012100689847A36866
:104418002A46022120689847C4F85051C4F85451DC
:10442800002184F8581123692068984738BD70B571
:1044380082B0054600910192002401E00134E4B203
:10444800012C1ED802AB03EB840353F8086C04F16B
:10445800540355F823103046FCF76AF820F0004062
:104468004FF07C51FCF720FB0028E7D0AB68611CBB
:104478003246C9B22868984704F1540345F82360C6
:10448800DCE702B070BD70B505460E46002401E0B9
:104498000134E4B2012C17D856F8242004F1520351
:1044A80055F82330D31A002BB8BF5B42012BEFDD40
:1044B800EB68611CC9B22868984756F8242004F1B3
:1044C800520345F82320E3E770BD00002DE9F041D1
:1044D8001E4690F85951F5B904468846174690F893
:1044E800C830C3B990F85A51ADB9C36BE3B112B92A
:1044F80090F85B31F3B9D4F8EC30002B21DDD4F817
:10450800F01000291DDD94F84070002F58D0A369E1
:1045180003B3002538E03C4A0699304606F0D6FC3D
:1045280000252846BDE8F081384A0699304606F04D
:10453800CDFCF6E7364A0699304606F0C7FC3D46FC
:10454800EFE7042384F8A930324A0699304606F08A
:10455800BDFCE6E7304A0699304606F0B7FCE0E7CE
:10456800A3696F1CFFB239462068984705F13803E4
:1045780004EB830300225A606319012183F8F410C5
:10458800523544F825203D46012DE9D92046FFF74C
:1045980036FF002384F85C31012584F85B5184F8E8
:1045A8005A5184F8C83084F8A93084F8A850C4F85F
:1045B800AC80E36B194A0699304606F087FCB0E7F1
:1045C80094F8F420B2B194F8F5209AB1D4F8E42024
:1045D800134880FB0350DB17C3EB60139A4209DCD6
:1045E800D4F8E8300E4A82FB0102C917C1EB621108
:1045F8008B42CBDD042384F8A9300A4A0699304659
:1046080006F064FC3D468CE7BCD70008CCD7000810
:10461800E0D70008FCD7000818D800084CD80008D4
:104628001F85EB5134D80008A0B130B583B00C46D3
:10463800054689B10A2201A905F018FF2060019BEF
:10464800AB4203D01B781BB1002006E0002004E039
:10465800012002E000207047002003B030BD0000B8
:1046680070B506460C4615469D492046FCF720FCC9
:1046780018B9C6F8EC50012070BD9A492046FCF7DD
:1046880017FC18B9C6F8F0500120F5E796492046FE
:10469800FCF70EFC98B195492046FCF709FCD0B10F
:1046A80093492046FCF704FCF0B92846FBF7F6FFCF
:1046B8009049FCF7FBF8C6F840010120DCE72846E2
:1046C800FBF7ECFF8C49FCF7F1F80146F069FFF7BE
:1046D800EBFD0120D0E72846FBF7E0FF0146F06933
:1046E800FFF7CCFD0120C7E784492046FCF7E0FB33
:1046F80020B9B5F1FF3F0ED0012D0CD080492046DE
:10470800FCF7D6FB70B9002D0CDB022D0ADC86F80D
:10471800A4500120B0E72846FBF7C0FFC6F84401C3
:104728000120A9E777492046FCF7C2FB20B9B5F17B
:10473800FF3F14D0012D12D073492046FCF7B8FB77
:10474800A0B9002D12DBB5F5FA7F0FDC2846FBF780
:10475800A5FF6849FCF7AAF8B06501208CE7284650
:10476800FBF79CFFC6F88000012085E767492046D3
:10477800FCF79EFB48B9002D07DB282D05DC2846F1
:10478800FBF78CFFF065012076E761492046FCF7CE
:104798008FFB18B9002D01DB012D0EDD5D49204688
:1047A800FCF786FB68B9002D0BDB642D09DC284675
:1047B800FBF774FF706201205EE786F82050012045
:1047C8005AE755492046FCF773FB48B9002D07DB2B
:1047D800642D05DC2846FBF761FFB06201204BE73A
:1047E8004E492046FCF764FB40B9B5F5FA7F05DB76
:1047F8004B4B9D4202DC356301203DE74949204689
:10480800FCF756FB40B9002D06DB4EF660239D42AF
:1048180002DC756301202FE743492046FCF748FB7B
:1048280040B9B5F57A7F05DB3D4B9D4202DCB563A7
:10483800012021E73D492046FCF73AFB48B9002D05
:1048480007DB642D05DC2846FBF728FFF062012012
:1048580012E737492046FCF72BFB38B9002D05DB5A
:10486800344B9D4202DCF563012005E732492046BE
:10487800FCF71EFB08B9012D0DD930492046FCF77D
:1048880017FB80B92846FBF709FF1B49FCF70EF810
:1048980070640120F0E6012D14BF0025012586F87B
:1048A80040500120E8E626492046FCF701FB40B9C4
:1048B8002846FBF7F3FE1049FBF7F8FFB064012028
:1048C800DAE620492046FCF7F3FA00283CD12846CE
:1048D800FBF7E4FE0849FBF7E9FFF0640120CBE6AB
:1048E80064D8000870D800087CD8000888D8000868
:1048F80090D800080000C84200007A44A4D80008F4
:10490800B4D80008C4D80008D4D80008E4D80008EF
:10491800F4D80008FCD8000810D9000824D90008E9
:10492800C0D401002CD900083CD900084CD9000893
:1049380060D90008005C260570D9000884D90008F1
:1049480080D9000890D9000833492046FCF7B0FA0E
:1049580038B943F697239D4203DDC6F884500120F9
:104968008AE62E492046FCF7A3FA48B9002D07DD50
:10497800642D05DC2846FBF791FEF06601207BE6F6
:1049880027492046FCF794FA48B9002D07DD642D25
:1049980005DC2846FBF782FE306701206CE62149DA
:1049A8002046FCF785FA48B9002D07DD642D05DCA3
:1049B8002846FBF773FE706701205DE61A4920461A
:1049C800FCF776FA68B9042D0BDDB5F5FA7F08DC3B
:1049D8002846FBF763FE1549FBF768FF30660120A0
:1049E8004AE613492046FCF763FA70B9632D0EDDD9
:1049F80044F620639D420CDC2846FBF74FFE0B492A
:104A0800FBF754FF7065012036E6002034E60020ED
:104A180032E6002030E600BFA0D90008ACD9000873
:104A2800B8D90008CCD90008DCD900080000C84271
:104A3800ECD9000880B370B5A2B00C4616460546FE
:104A480061B36AB34B686BB38B686BB3CB686BB3FA
:104A58000B696BB34FF4B272002106F0CAFAAC4688
:104A68000FCCACE80F0094E807008CE80700EE6173
:104A78004FF07E53C5F844310E4BC5F84831C5F8A0
:104A88004C316846FEF7F0F9694605F12000FEF75B
:104A980051FA012022B070BD002070470020F9E7CC
:104AA8000020F7E70020F5E70020F3E70020F1E712
:104AB8000020EFE7C0BDF0FF18B1C0F8E410C0F85F
:104AC800E820704798B110B5044679B100F58E7E9C
:104AD8008C46BCE80F00AEE80F009CE807008EE8A3
:104AE8000700636820689847C4F83C0110BD704708
:104AF80068B110B5044649B100F5867C0FC98CE849
:104B08000F00636820689847C4F8380110BD7047E3
:104B18002DE9F0439FB0002800F0898317461D4611
:104B28000646002900F08583002A00F0848323B913
:104B3800002420461FB0BDE8F0830AAC0B469C4A0F
:104B48005021204606F0C2F97368306898478046BD
:104B580098492046FCF7ACF9E0B197490AA8FCF758
:104B6800A7F9002847D095490AA8FCF7A1F9002819
:104B780070D196F8593133B996F8C8301BB996F800
:104B88005A31002B5BD08E4A2946384606F09EF9EA
:104B98000024CEE7002486F85A4186F8C84086F8F3
:104BA800A84086F8A940C6F8AC8086F85C41012385
:104BB80086F859313046FFF722FC13E0F36804F118
:104BC80001095FFA89F904F1380806EB8808D8F872
:104BD8000420494630689847D8F80430523446F8DB
:104BE80024304C46012CE9D9764A2946384606F045
:104BF8006DF901249DE796F85A3143B1002386F8F0
:104C08005A3186F8A83086F8A930C6F8AC8096F8EC
:104C1800C83073B9002386F85C3186F859313046BC
:104C2800FFF7EDFB684A2946384606F04FF901249C
:104C38007FE7414606F12000FEF7F0F9EAE7012197
:104C48003046FFF7D1FB614A2946384606F03EF95F
:104C580001246EE703225E490AA806F0DFF930B1A5
:104C680003225C490AA806F0D9F9002842D109A90B
:104C78000DF12B00FFF7D8FC00283BD0D6F85031B7
:104C88000593D6F8543106939DF82930313B5FFAE5
:104C980083F896F8584174B196F859315BB996F88B
:104CA800C83043B996F85A312BB9099810F1C80F92
:104CB80001DBC82806DD484A2946384606F006F9C9
:104CC800002436E7FBF7EAFC4FF07C51FBF73AFD8E
:104CD8001EAB03EB880343F8640C069A059930462B
:104CE800FFF7A5FB08F101033C4A2946384606F0C0
:104CF800EDF81EE703223A490AA806F08FF930B109
:104D0800032238490AA806F089F9002876D109A9AA
:104D18000DF12B00FFF788FC814600286ED09DF826
:104D28002930313B5FFA83F896F859315BBB96F826
:104D3800C83043BB96F85A412CBB099B2A4A934278
:104D480021DB2A4A93421EDCD6F8E4200792D6F8E3
:104D5800E82008921EAA02EB880252F85C1C0B4459
:104D680042F85C3C08F13A0206EB82025268002ADB
:104D780010DD002B01DB93420CDD1D4A2946384625
:104D880006F0A4F8D5E61B4A2946384606F09EF8F0
:104D98000024CEE607A93046FFF775FB08F10103AA
:104DA800154A2946384606F091F84C46C1E600BF38
:104DB80020DC000820DA000874D4000840DA000873
:104DC80044DA000828DA000834DA000854DA00085F
:104DD80060DA000864DA000868DA000878DA00089F
:104DE80080DA000884DA0008C0BDF0FF40420F00F6
:104DF80094DA000888DA0008A4DA00080322954942
:104E08000AA806F00BF928B1032293490AA806F06C
:104E180005F998BB09A90DF12B00FFF705FC04461D
:104E280060B39DF82930A3F131085FFA88F8D6F805
:104E38001490B9F1000F0ED0099A312A0BDDB2F5A2
:104E4800FA6F08DC96F8591129B996F8C81011B903
:104E580096F85A1131B1814A2946384606F036F893
:104E6800002466E6303BD9B23068C84708F1010330
:104E78007B4A2946384606F029F85AE679490AA8AD
:104E8800FCF716F820B178490AA8FCF711F890BB8E
:104E98009DF82C30A3F131025FFA82F8B26942B171
:104EA80096F8591129B996F8C81011B996F85A11F7
:104EB80031B16E4A2946384606F008F8002438E62B
:104EC800303BD9B23068904708F1380306EB8303CA
:104ED80000225A6006EB0803012483F8F44008F125
:104EE800520346F8232008EB0403614A2946384652
:104EF80005F0ECFF1DE65F490AA8FBF7D9FFE0B112
:104F08005D490AA8FBF7D4FF00283DD1B6F858310F
:104F180063B996F8C8304BB996F85A3133B9D6F810
:104F280038311BB1F06990F8293003BB534A294640
:104F3800384605F0CBFF0024FBE5D6F8E430D6F878
:104F4800E80096F8F42072B1012296F8F51061B1E4
:104F58000121029101920090494A2946384605F0FC
:104F6800B5FF0124E5E50022EFE70021F1E708217C
:104F7800FFF744F9044628B1424A2946384605F065
:104F8800A5FFD6E5404AF8E740490AA8FBF790FF95
:104F980040BBB6F858316BB996F8C83053B996F893
:104FA8005A313BB9D6F83C3123B1A8EB0303B3F52A
:104FB800167F06D9364A2946384605F087FF002469
:104FC800B7E5D6F81C0100F10040D6F84411FBF70C
:104FD800B9FBC6F840012F4A2946384605F076FF46
:104FE8000124A6E52C490AA8FBF762FF00285BD13B
:104FF800D6F8583123F07F4323F0FF0313B996F80E
:10500800C83033B1254A2946384605F05FFF0024E9
:105018008FE5314641F8CC8F06F12000FDF7A8FF57
:10502800044650B996F8A900FEF7F4F903461C4A5D
:105038002946384605F04AFF7BE5012186F85B11D1
:105048003046FFF7D1F9174A2946384605F03EFFA2
:105058006FE500BFACDA0008B0DA0008B4DA00087F
:10506800C4DA0008CCDA0008D4DA0008DCDA000870
:10507800E8DA0008F4DA000814DA000818DB000897
:10508800F8DA000800DA000810DA000830DB000857
:105098003CDB000850DB00085CDB000868DB00082C
:1050A80078DB000884DB000864490AA8FBF700FFE6
:1050B800002841D062490AA8FBF7FAFE002844D02C
:1050C80060490AA8FBF7F4FE002847D005225E498C
:1050D8000AA805F0A3FF002854D004225B490AA8B7
:1050E80005F09CFF002840F0868096F8C830002B19
:1050F80040F0888096F85A41002C40F083802021A7
:105108000BA805F07EFF002800F08380002300F83C
:10511800013B09A9FFF788FA38B1099A0BA930466B
:10512800FFF79EFA0646002879D10BAB484A294674
:10513800384605F0CBFEFCE400953B46002241468C
:105148003046FFF7C3F90446F3E400953B460122D5
:1051580041463046FFF7BAF90446EAE4002486F8E7
:105168005A41414606F12000FDF758FF86F85C4198
:105178003046FFF744F9374A2946384605F0A6FE77
:105188000124D6E409A90DF12D00FFF74DFA0028F6
:10519800A3D0DDF8248018F1B40F9EDBB8F1B40F6A
:1051A8009BDCB8F1000F98D096F85841002C94D0A9
:1051B80096F8C830002B90D196F85A31002B8CD134
:1051C80096F85931002B88D1D6F8D8904046FBF78D
:1051D80065FA01464846FBF7ADF9FFF7B9F8C6F896
:1051E8006001012386F85C3143461B4A294638464C
:1051F80005F06CFE9DE4194A2946384605F066FE1E
:10520800002496E4164A2946384605F05FFE002435
:105218008FE4144A2946384605F058FE89E40BAB5A
:10522800114A2946384605F051FE344681E40024E7
:105238007FE400247DE400247BE400BF94DB0008C5
:10524800A4DB0008B4DB0008D0DB0008E4DB0008BE
:1052580018DC0008C0DB0008D8DB0008ECDB00081D
:10526800F8DB000810DC000824DC0008002800F047
:10527800E380F8B504464368006898470546C4F8D3
:10528800CC00D4F81831C4F8D030D4F81431C4F8AC
:10529800D430D4F84411D4F81C01FBF753FAD4F8ED
:1052A8004011FBF747F9FFF753F8C4F8D800D4F8D2
:1052B8002431C4F8DC30D4F82031C4F8E030D4F814
:1052C80038314BB1EB1AB3F5167F11D8E36993F86F
:1052D8002A3013B1012300E0002384F8F630D4F813
:1052E8003C313BB1EB1AB3F5167F37D9002302E006
:1052F8000023F2E7002384F8F73094F859317BBB98
:1053080094F85A3183BB94F8C830002B4DD194F8E7
:10531800A8300E2B49D00F2B47D00C2B45D094F832
:105328005C31002B58D0D4F8D810D4F86001FFF7BE
:105338002DF8054694F8F7303BB120F000404FF0C7
:105348008041FBF7A7FB00284DD0002384F85C318F
:1053580000210A462046FFF76AF83DE00123CAE724
:105368002046FFF74CF837E0D4F8AC60AE1B204677
:10537800FFF745F8E36BB3422ED8002384F85A317F
:1053880004F1CC0104F12000FDF7F2FD40B900233F
:1053980084F8C8300F2384F8A830C4F8AC50B2E7BA
:1053A80001212046FFF720F8ADE704F1F80204F1E7
:1053B800CC0104F12000FDF73DFE94F808112046C9
:1053C800FFF712F8D4F8FC20D4F8F8102046FFF7BD
:1053D8002EF894F8093103B9F8BD04F58071204618
:1053E800FFF751F8F8E72946206EFBF7ABF90646B8
:1053F80020F00040A76E3946FBF742FB28B1002198
:105408002846FBF75BFB60B13E460C493046FBF78C
:1054180055FB48B90A493046FBF732FB28B1084E1C
:1054280003E007F10046F0E7044E06F1004231467A
:105438002046FEF7FCFFCFE7704700BF0000F041B1
:105448000000F0C1002800F0C5802DE9F04F91B0B0
:105458000D4617460446002900F0BF80002A00F0D8
:10546800BF804368006898478246D4F8AC30A0EB08
:10547800030894F8C83033B994F85A31002B74D023
:105488004FF0010901E04FF0010900232B70D4F817
:105498003C612EB1AAEB0606B6F5167F68D9002640
:1054A800D4F83831002B3DD0AAEB030ABAF5167FA1
:1054B80038D805EB060BA7EB060AD4F81801FAF75B
:1054C800B3FFCDE90A01D4F81001FAF7ADFFCDE931
:1054D8000C01D4F80C01FAF7A7FFCDE90E01D4F8B6
:1054E8001401FAF7A1FFE36993F82A30002B63D07F
:1054F80001230893CDE90601DDE90E23CDE9042354
:10550800DDE90C23CDE90223DDE90A23CDE90023F7
:10551800394A5146584605F0D9FC002866DB8245D1
:105528004CD9064405EB060BA7EB060A94F859314B
:10553800002B45D0314D94F8A900FDF76BFFB9F168
:10554800000F43D0012302930190CDF800802B4631
:105558002B4A5146584605F0B9FC002849DB8245DC
:1055680036D9304411B0BDE8F08F4FF000098CE710
:10557800D4F8D860D4F8DCB094F835310693D4F870
:10558800E000FAF751FFCDE904015846FAF74CFF5D
:10559800CDE902013046FAF747FFCDE90001194A83
:1055A8003946284605F092FC00281CDB0646B8421E
:1055B800FFF476AF781ED5E700239AE7781ED1E787
:1055C80094F8A800FDF71AFF0546B4E70023BAE7E8
:1055D800781EC7E74FF0FF3070474FF0FF30C1E744
:1055E8004FF0FF30BEE74FF0FF30BBE74FF0FF3022
:1055F800B8E74FF0FF30B5E758DC000830DC0008AA
:1056080084DC000838DC0008D0F8A03073B910B585
:105618000446C0F8A010C0F8A4304B68984720B1E1
:10562800C4F8A4000023C4F8A03010BD6FF0020035
:10563800704708B5D0F8A03013B19B6803B19847FC
:1056480008BD00002DE9F84304461AB10F469046FC
:1056580000251AE0D0F8F4310133C0F8F431BDE880
:10566800F8830C3304EB430393F80690B9F1000F69
:105678001ED0F12901D0FC2920D04A4631462046C7
:10568800FFF7D7FFA9441FFA89F54545E7D27E19E8
:10569800795D00233F2B08DC03F10C0204EB420286
:1056A80052798A42DDD00133F4E74FF00009DDE793
:1056B800D4F8F8310133C4F8F831D0E7D4F8BC2075
:1056C800002ADAD0124902230B6073780B71B37881
:1056D800C3F340030B72B37803F001034B72B37842
:1056E800C3F380038B72B378C3F3C003CB72B6F8ED
:1056F80003308B81D6F805300B61D6F809304B6141
:10570800D6F80D308B61D4F8C0009047B5E700BFDC
:105718007C1200200346C0F8A4100020C3F8A000A3
:105728007047002300E001333F2B0BDC03F10C0230
:1057380000EB420252798A42F5D10C3300EB430068
:10574800807970470020704710B4094B1B6883426A
:1057580003D9084C236801332360054B18600A44B9
:10576800642303FB0200034B196810BC704700BF99
:1057780078120020741200207047000008B5012A32
:1057880005D0D0F8F0310133C0F8F03108BD0B78FE
:10579800012B05D0D0F8F0310133C0F8F031F5E72E
:1057A8000372064B00221A60D0F8BC30002BEDD0F3
:1057B8000249D0F8C0009847E8E700BF7C120020F3
:1057C8000B78F82B3FD110B5D0F8A82032B390F859
:1057D800AC3090F8ADC0634520D291F801C01C01EF
:1057E80002EB031302F804C08A785A70CA789A70D8
:1057F8004A685A608C689C60B1F80CC0A3F80CC069
:1058080091F80EC083F80EC0C97BD9730E4B9A422B
:1058180015D090F8AC30013380F8AC30D0F8A8300F
:105828002BB190F8AC1090F8AD20914206D390F8C7
:10583800AC2083F850200021FFF76CFF10BD052332
:1058480080F8AD30E5E770477FA6980008B5074BAC
:1058580001221A601971064BD3F8BC3023B10349F1
:10586800034AD2F8C000984708BD00BF7C12002048
:105878009812002008B513460A46C17A406801F01C
:10588800B8FA08BD00B583B0002280F8AC20042126
:1058980080F8AD10ADF80420F9238DF80430022209
:1058A8006944FFF7E7FF03B000BD30B587B0044691
:1058B800D0F8A8301A78002A34D100205A780AB1D2
:1058C80040F001009A780AB140F00400DA780AB191
:1058D80040F0080001A9002201924A608A60CA606B
:1058E8000A74FD228DF8042094F8AC208DF8052068
:1058F8008DF806009A88ADF807209A68CDF8092037
:10590800DA68CDF80D201B69CDF811301122204638
:10591800FFF7B0FF054601462046FFF7FBFE284685
:1059280007B030BD0220C9E770B504460D460068CF
:1059380003699847064629460F48FFF765FED0B920
:10594800304605E0606801F0D9F920680369984796
:10595800D4F8A0202AB12B68002BF3D0801B8342F7
:10596800F0D832B10023C4F8A0306FF00503C4F8B2
:10597800A430D4F8A40070BD981200202DE9F04797
:1059880088B007468A46904699462A21FFF7C9FEFD
:105998000646002401E03444A4B2444518D2CDF8A8
:1059A8000090002301932A238DF8093032460AEB30
:1059B80004010DF10A0005F0D0FB8DF80860D7F856
:1059C800C450002DE7D06946D7F8C800A847E2E7D9
:1059D80008B0BDE8F0872DE9F04F8BB081468846C6
:1059E800934601934FF0000A54460DE0D9F8F83178
:1059F8000133C9F8F8310BB0BDE8F08FD7F801A032
:105A0800CAF1000A2544ACB25C45F4D208EB04079D
:105A180018F8046031464846FFF783FE054600281B
:105A2800E4D0FB2EEAD0FA2E20D0EF2E22D0BB787D
:105A38009B0103F47C53FA781A4451460198FFF706
:105A480083FECDE902018DF811602A4639460DF131
:105A5800120005F082FB8DF81050D9F8C430002BE5
:105A6800D0D002A9D9F8C8009847CBE7D7F80130B9
:105A78009A44C7E7024639464846FFF7DAFDC1E7C8
:105A880008B5FFF7A8FF08BD08B5FFF7A4FF08BDD4
:105A980010B50446802903D0812906D0E1B110BD94
:105AA80019460C3005F043FBF9E75008812A00D964
:105AB800402000220DE013F8121002F10C0C04EB48
:105AC8004C0C8CF8051003EB420149788CF8061051
:105AD80001329042EFDCE2E7074A0849406801F0EA
:105AE800CDF8A072064A0749606801F0C7F8E0726D
:105AF80001236372D3E700BFB4DC0008BCDC0008F4
:105B0800C8DC0008D0DC0008002863D0F0B583B0FA
:105B18000E4615460746344C4FF4FE7200212046C7
:105B280005F067FA00232372FF23E3722760C4F8A5
:105B3800BC60C4F8C050384601F05AF860600028CC
:105B48004BD02246294901F02EF82346284A022143
:105B5800606801F03EF80094264B274A02216068ED
:105B680001F024F80094254B254A0221606801F0D1
:105B78001DF80094234B244A0221606801F016F8AE
:105B88000094224B224A0221606801F00FF8234654
:105B9800204A0121606801F01CF800941E4B1F4A3E
:105BA8000121606801F002F82068036998470546FA
:105BB80006E00D4C606801F0A1F820680369984779
:105BC800401B174B98420BD8074B1B7A002BF0D081
:105BD800002006E06FF0010070474FF0FF3000E052
:105BE800002003B0F0BD00BF9812002055580008EF
:105BF800995A00084D560008C8DC0008915A000858
:105C0800DCDC0008895A0008E8DC0008855900082F
:105C1800F4DC00088157000885570008B4DC000848
:105C28003F0D030010B5054C606800F0B0FF4FF45D
:105C3800FE720021204605F0DCF910BD9812002004
:105C480008B5024B586801F059F808BD98120020B1
:105C5800034BC3F8C400C3F8C8100020704700BF46
:105C68009812002008B5064B00221A605A609A6004
:105C7800DA6043F8A80903491846FFF755FE08BD3E
:105C880040130020A8DD000808B5074B00221A6061
:105C98005A609A60DA601871A83BC3F8A8100349E3
:105CA8001846FFF741FE08BD401300209CDD0008A0
:105CB8008B7B0375002070478B7B03750020704732
:105CC8008B7B03F07F03037591F90E30DB0F43756F
:105CD800CB7B8375002307E09A1D0A4492F80AC01B
:105CE800C21882F817C00133092BF5DD0020704770
:105CF8008B7B0375002070478B7B0375CB7B4375CB
:105D08000020704738B504460D4601F10E0000F03A
:105D18007BFCFAF7C3FC4FF06E51FAF713FD606194
:105D280005F1100000F070FCFAF7B8FC4FF06E5166
:105D3800FAF708FDA06105F1120000F065FCFAF71A
:105D4800ADFC4FF06E51FAF7FDFCE061002038BD64
:105D580038B504460D4601F10E0000F055FCFAF77F
:105D68009DFC4FF06E51FAF7EDFC606105F11000F3
:105D780000F04AFCFAF792FC4FF06E51FAF7E2FC99
:105D8800A06105F1120000F03FFCFAF787FC4FF024
:105D98006E51FAF7D7FCE061002038BD38B50446EB
:105DA8000D4601F10E0000F02FFCFAF777FC4FF0DA
:105DB8006E51FAF7C7FC606105F1100000F024FC91
:105DC800FAF76CFC4FF06E51FAF7BCFCA06105F1D4
:105DD800120000F019FCFAF761FC4FF06E51FAF767
:105DE800B1FCE061002038BD38B504460D4601F12C
:105DF8000E0000F009FCFAF751FC4FF06C51FAF76D
:105E0800A1FC606105F1100000F0FEFBFAF746FC0A
:105E18004FF06C51FAF796FCA06105F1120000F002
:105E2800F3FBFAF73BFC4FF06C51FAF78BFCE0619F
:105E3800002038BD38B504460D4601F10E0000F0CB
:105E4800E3FBFAF72BFC4FF06C51FAF77BFC60612F
:105E580005F1100000F0D8FBFAF720FC4FF06C5168
:105E6800FAF770FCA06105F1120000F0CDFBFAF71B
:105E780015FC4FF06C51FAF765FCE06105F1140070
:105E880000F0C2FBFAF70AFC4FF06C51FAF75AFC23
:105E9800206205F1160000F0B7FBFAF7FFFB4FF0A0
:105EA8006C51FAF74FFC606205F1180000F0ACFB8A
:105EB800FAF7F4FB4FF06C51FAF744FCA0620020AB
:105EC80038BD38B504460D4601F10E0000F09CFBC4
:105ED800FAF7E4FB4FF07651FAF734FC606105F10C
:105EE800100000F091FBFAF7D9FB4FF07651FAF762
:105EF80029FCA06105F1120000F086FBFAF7CEFB41
:105F08004FF07651FAF71EFCE061002038BD38B535
:105F180004460D4601F10E0000F076FBFAF7BEFBD1
:105F28004FF07651FAF70EFC606105F1100000F0B1
:105F38006BFBFAF7B3FB4FF07651FAF703FCA0615D
:105F480005F1120000F060FBFAF7A8FB4FF076515C
:105F5800FAF7F8FBE06105F1140000F055FBFAF7D9
:105F68009DFB4FF07651FAF7EDFB206205F1160024
:105F780000F04AFBFAF792FB4FF07651FAF7E2FB92
:105F8800606205F1180000F03FFBFAF787FB4FF05D
:105F98007651FAF7D7FBA062002038BD38B5044621
:105FA8000D4601F10E0000F02FFBFAF777FB4FF0DA
:105FB8006251FAF7C7FB606105F1100000F024FB9D
:105FC800FAF76CFB4FF06251FAF7BCFBA06105F1E0
:105FD800120000F019FBFAF761FB4FF06251FAF773
:105FE800B1FBE06105F1140000F00EFBFAF756FB77
:105FF8004FF06251FAF7A6FB206205F1160000F097
:1060080003FBFAF74BFB4FF06651FAF79BFB606214
:10601800002038BD38B504460D4601F10E0000F0E9
:10602800F3FAFAF73BFB4FF06251FAF78BFB60612A
:1060380005F1100000F0E8FAFAF730FB4FF0625172
:10604800FAF780FBA06105F1120000F0DDFAFAF71B
:1060580025FB4FF06251FAF775FBE06105F114007A
:1060680000F0D2FAFAF71AFB4FF06251FAF76AFB1E
:106078002062002038BD38B504460D4601F10E00F7
:1060880000F0C2FAFAF70AFB4FF06251FAF75AFB2E
:10609800606105F1100000F0B7FAFAF7FFFA4FF067
:1060A8006251FAF74FFBA06105F1120000F0ACFA5B
:1060B800FAF7F4FA4FF06251FAF744FBE06105F1A0
:1060C800140000F0A1FAFAF7E9FA4FF06251FAF772
:1060D80039FB206205F1160000F096FAFAF7DEFAAD
:1060E8004FF06651FAF72EFB6062002038BD10B5FC
:1060F800044601F10E0000F087FAFAF7CFFA4FF0E4
:106108006E51FAF71FFB6061002010BD10B5044600
:1061180001F10E0000F078FAFAF7C0FA4FF0765164
:10612800FAF710FB6061002010BD10B5044601F1BC
:106138000E0000F069FAFAF7B1FA4FF07051FAF769
:1061480001FB6061002010BD10B5044601F10E008E
:1061580000F05AFAFAF7A2FA4FF07051FAF7F2FA89
:106168006061002010BD38B504460D4601F10E00EF
:1061780000F04AFAFAF792FA4FF06251FAF7E2FAA7
:10618800606105F1100000F03FFAFAF787FA4FF066
:106198006251FAF7D7FAA06105F1120000F034FA5B
:1061A800FAF77CFA4FF06251FAF7CCFAE06105F1A0
:1061B800140000F029FAFAF771FA4FF06251FAF771
:1061C800C1FA206205F1160000F01EFAFAF766FA25
:1061D8004FF06651FAF7B6FA6062002038BD38B55C
:1061E80004460D4601F10E0000F00EFAFAF756FAD1
:1061F8004FF06251FAF7A6FA606105F1100000F05D
:1062080003FAFAF74BFA4FF06251FAF79BFAA061DA
:1062180005F1120000F0F8F9FAF740FA4FF0625170
:10622800FAF790FAE06105F1140000F0EDF9FAF7D9
:1062380035FA4FF06251FAF785FA2062002038BD2E
:1062480038B504460D4601F10A0000F0DDF9FAF709
:1062580025FA4FF06251FAF775FA606105F10C0002
:1062680000F0D2F9FAF71AFA4FF06251FAF76AFA1F
:10627800A06105F10E0000F0C7F9FAF70FFA4FF028
:106288006251FAF75FFAE06105F1100000F0BCF91D
:10629800FAF704FA4FF06251FAF754FA206205F15E
:1062A800120000F0B1F9FAF7F9F94FF06A51FAF76C
:1062B80049FA606205F1140000F0A6F9FAF7EEF960
:1062C8004FF06A51FAF73EFAA06205F1160000F0A5
:1062D8009BF9FAF7E3F94FF06A51FAF733FAE062FB
:1062E800002038BD38B504460D4601F10E0000F017
:1062F8008BF9A08205F1100000F086F9E08205F123
:10630800120000F081F9208305F1160000F083F9EE
:10631800E061002038BD38B504460D4601F10E0095
:1063280000F072F9A08205F1100000F06DF9E0822A
:1063380005F1120000F068F9208305F1140000F05F
:1063480063F9608305F1160000F065F9E06100204B
:1063580038BD38B504460D4601F10E0000F054F979
:10636800A08205F1100000F04FF9E08205F112005B
:1063780000F04AF9208305F1160000F04CF9E061BD
:10638800002038BD10B5044601F10E0000F043F9B5
:10639800FAF784F94FF05651FAF7D4F96061002002
:1063A80010BD10B5044601F10E0000F034F9FAF7FB
:1063B80075F94FF06E51FAF7C5F96061002010BD0C
:1063C80010B5044601F10E0000F013F960610020D9
:1063D80010BD38B504460D4601F10E0000F009F96C
:1063E800606105F1120000F004F92083002038BD37
:1063F80010B5044601F10E0000F0F6F8A082002066
:1064080010BD10B5044601F10E0000F0EDF8A082B1
:10641800002010BD10B5044601F10E0000F0E4F8AC
:10642800A082002010BD10B5044601F10E0000F056
:10643800DBF8A082002010BD10B5044601F10E0063
:1064480000F0D2F8A082002010BD10B5044601F17A
:106458000E0000F0C9F8A082002010BD10B5044657
:1064680001F10E0000F0C0F8A082002010BD10B5A8
:10647800044601F10E0000F0B7F8A082002010BD1C
:1064880010B5044601F10E0000F0AEF8A08200201D
:1064980010BD08B591F809C080F800C0D1E9002303
:1064A800C0E90223BCF12A0F23D0CB7A43700B7BBF
:1064B80003F0030383700CF1FF3CBCF12A0F00F2D8
:1064C8008E80DFE80CF01D29322038232C3B3E411A
:1064D80044474A4D3553595C5F1A262F505662651A
:1064E800686B8C6E7174777A7D8C8C8C8C808386CB
:1064F8008900002343708370DDE7FFF7F3FE70E047
:10650800FFF700FC6DE0FFF723FC6AE0FFF746FCAD
:1065180067E0FFF700FF64E0FFF766FC61E0FFF764
:1065280089FC5EE0FFF715FF5BE0FFF7CAFC58E067
:10653800FFF7EDFC55E0FFF731FD52E0FFF76AFD8C
:106548004FE0FFF798FD4CE0FFF71CFF49E0FFF72D
:1065580028FF46E0FFF7CBFD43E0FFF7D7FD40E01B
:10656800FFF7E3FD3DE0FFF7EFFD3AE0FFF7A0FBA3
:1065780037E0FFF725FF34E0FFF72BFF31E0FFF7A7
:1065880037FF2EE0FFF798FB2BE0FFF73AFF28E0F4
:10659800FFF740FF25E0FFF746FF22E0FFF74CFF3B
:1065A8001FE0FFF78DFB1CE0FFF7A2FB19E0FFF7E8
:1065B8004CFF16E0FFF752FF13E0FFF758FF10E01B
:1065C800FFF75EFF0DE0FFF7CEFD0AE0FFF707FEDD
:1065D80007E0FFF735FE04E0FFF78EFB01E04FF020
:1065E800FF3008BD007870470378407843EA002000
:1065F80070470378427843EA0223827843EA0243E9
:10660800C07843EA00607047027843781B021BB2E7
:1066180042EA030070470378427843EA022382780B
:1066280043EA0243C07843EA006070470023002B26
:1066380001DD0020704740F6340203FB02F20549F1
:106648008A580AB10133F2E740F6340202FB03101C
:10665800704700BF9814002090F8DDC4BCF1040F07
:106668000FD800B50CF1010E80F8DDE40CEB4C0EF0
:1066780000EB8E0EAEF8E014CEF8E424CEF8E83441
:1066880000BD704738B515461A464FF0000C01E0BA
:106698000CF1010CBCF1040F14DC0CEB4C0E00EBFC
:1066A8008E0EBEF8E0E48E45F2D10CEB4C0E00EBFA
:1066B8008E0EDEF8E444002CEAD0049B2946DEF86E
:1066C800E804A04738BD000008B540F634020021B0
:1066D800034804F08EFC034B01221A7008BD00BF6A
:1066E800981400209414002010B58E46002300E072
:1066F800013390F8DCC49C4511D903EBC30C00EBC3
:106708008C0CDCF828447445F2D103EBC3039B00DE
:1067180003F5856318441146043004F008FD10BDE4
:10672800802900D0704738B505461C461846FAF748
:10673800C9FB072800D938BD214605F10C0004F033
:10674800F6FCF8E72DE9F8430546002729E001346F
:10675800072C25DC2C2303FB0453D3F8E066002E1A
:10676800F5D02C2303FB0453B3F8BC369845EED17F
:106778002C2104FB01F101F5D76129440631484673
:10678800FAF796FB0028E2D1342303FB0753C3F83A
:1067980048652C2202FB0454D4F8E426C3F84C259F
:1067A8000137072F14DC342303FB07530022C3F8F7
:1067B8004825D3F82085B8F1FF3FF1D0342607FBF0
:1067C80006F606F5A4662E4406F104091446BFE74A
:1067D800BDE8F88308B5002300E0013390F8DC2415
:1067E8009A4208DD03EBC30200EB8202D2F82824A8
:1067F8008A42F2D108BD042AFCD8531C80F8DC3444
:1068080002EBC20300EB8303C3F8281402EBC203B4
:106818009B0003F58563034400221A71FFF792FF7A
:10682800E8E7072900D9704738B504468C46342173
:1068380001FB0CFC00EB0C05C5F820250CF5A46C3D
:10684800844419460CF1040004F071FC9DF81030E2
:1068580085F84435002385F81C3585F81D35C5F8BD
:106868004835C5F84C352046FFF76CFF38BD0000A9
:106878002DE9F04F97B083460D4692464FF0000938
:106888008DF838908DF81890022380F82434CDF8CC
:106898001090CDF80C9001241BE0002300931A46B9
:1068A80049465846FFF7EEFE3046FFF7A2FE8146FE
:1068B80001465846FFF78EFF4FF000038DF8383039
:1068C8008DF81830009643463A4649465846FFF731
:1068D800D9FE544580F08780631C9BB22F5D02343B
:1068E800A4B215F803802E194444A4B27B1E082BC9
:1068F800E8D801A252F823F0A36800082569000827
:1069080039690008416900085F690008756900086D
:106918008369000891690008A56900083046FFF7F7
:1069280063FE043880B2FF28CCD8ABF81400C9E75E
:106938003046FFF759FEC5E73046FFF755FE0438E5
:1069480080B2FF2802D8ABF81600BBE74FF480737B
:10695800ABF81630B6E73046FFF746FE043880B28B
:10696800B0F5C07FAED2ABF81801ABE73046FFF701
:1069780039FE039000230493A4E73046FFF732FE64
:106988000390012304939DE731460EA804F0CFFB42
:106998000EAA49465846FFF7A7FE93E7314606A8D0
:1069A80004F0C5FB049B009333464A4603995846B6
:1069B800FFF737FF039B072B84D83423039A02FB86
:1069C80003F30BEB03020592C2F8209503F5A463C9
:1069D8000BEB030006A9043004F0A9FB059A049BFD
:1069E80082F844356EE7002200921346494658461D
:1069F800FFF748FE17B0BDE8F08F00BF49B108B5F2
:106A08000B460AB1097801B108BD1946FFF730FFF6
:106A1800FAE7704770B5044690F81CC8BCF1070F38
:106A28001ED8084611461D460CF1010384F81C388F
:106A38002C2303FB0CFC04EB0C06A6F8BC060CF597
:106A4800D76CA4440CF1060004F071FBC6F8E056BC
:106A5800049BC6F8E4362046FFF774FE002070BD9C
:106A68004FF0FF30FBE72DE9F8430446032A57D9D6
:106A780015460A78487802EB0022C2F30E0640B2A7
:106A88008F7891F8038047F6FC7C12EA0C0F4ED001
:106A9800072F58D894F81C28BA4254D9B4F81A21A8
:106AA80022B100285BDB0022A4F81A21B4F81A21CD
:106AB8004AB9B6F5C07F5ED8C4F8A0320023A4F85E
:106AC8009E3284F81C71B54200D9354604F21D196E
:106AD800B4F89E022A1F0431484404F03EFBB4F87F
:106AE8009E222A44043A92B2A4F89E22761BB6B299
:106AF800A4F81A6166B9342303FB0743D3F8485551
:106B080035B11846D4F8A0324946D0F84C05A84704
:106B180008F10108342303FB074484F81D8504E0C9
:106B2800D0F824380133C0F82438BDE8F883D4F805
:106B380024380133C4F824386368002BF5D00121C8
:106B4800A0689847F1E7D4F82C380133C4F82C38FA
:106B58006368002BE9D00321A0689847E5E794F81B
:106B68001C21BA429FD1342202FB074292F81D250C
:106B7800424598D19AE7D4F828380133C4F8283820
:106B88006368002BD1D00221A0689847CDE710B5E3
:106B9800044600684368984740F6340200212046BE
:106BA80004F027FA10BD4160826070475AB19446DC
:106BB80012785AB100B583B0049A00926246FFF782
:106BC80029FF03B000BD6FF0010070476FF00100AE
:106BD800704710B50446FFF73FFD94F82434022BA4
:106BE80001D0002010BD002384F82434F9E7000008
:106BF800F0B583B005461D4B1B788BB39DB3FFF7EB
:106C080015FD044648B340F63402002104F0F1F9BA
:106C180025604FF48073A382E38200212046FFF7AA
:106C2800D9FD134F002600963B4632463146204692
:106C3800FFF7F7FD23460F4A31462046FFF7C9FF05
:106C480000940D4B3A4631462046FFF7AFFF01232B
:106C580084F824342B6828469847204603B0F0BDB2
:106C6800FFF732FDCAE72C46F7E700BF941400206F
:106C780000DD000829670008056A0008F8B5044621
:106C88000F461546002600E00136042E12DC06EBFE
:106C9800C600800000F58560204439460430FAF7C4
:106CA80007F90028F0D106EBC60604EB8606D6F8ED
:106CB800287401E04FF0FF37B7F1FF3F1BD00026E3
:106CC80000E00136072E14DC342006FB00F000F546
:106CD800A460204429460430FAF7EAF80028F0D1E5
:106CE800342303FB0643D3F82035BB42E9D1F0B285
:106CF80000E0FF20F8BDFF20FCE7000070B582B07F
:106D080004460023019390F824345BB12068866818
:106D180004F5297501AB4FF4C0722946B04778B91C
:106D280002B070BD012380F824340223084A0021F0
:106D380000F05FF80028E9D0002384F82434E5E760
:106D4800019B82B229462046FFF78DFEE8E700BF87
:106D5800B4DD00082DE9F0470446894692469FB203
:106D68004FF0000842460CE02046FFF7C7FF2068B6
:106D7800C3682A46314698470028F5D001220028E2
:106D88002EDB9FB3E68A043EB6B2BE4200D93E4629
:106D9800351DADB225762B0A637612B163F07F03F9
:106DA800637684F81A90342303FB094393F81C256F
:106DB800511C83F81C15E27632460AEB080104F1EF
:106DC8001C0004F0CAF9BF1BBFB246441FFA86F87C
:106DD800264656F8180BC3682A4631469847CBE72B
:106DE800D4F820381344C4F8203800E00020BDE867
:106DF800F087B0F814C09C450DD308B5072902D810
:106E0800FFF7A8FF08BDD0F830380133C0F8303894
:106E18006FF00100F6E76FF001007047104B1B6838
:106E28000BB90120704710B504460E4A10684FF49C
:106E38007A72B2FBF3F3B0FBF3F000F0B9F868B97B
:106E48000F2C01D901200AE0002221464FF0FF3023
:106E580000F090F8044B1C60002000E0012010BDF9
:106E680004000020000000200800002010B50B4B93
:106E78001A6842F004021A601A6842F002021A60A4
:106E8800032000F065F80F20FFF7C8FF10B10124B8
:106E9800204610BD0446FBF7B9FBF9E7003C024069
:106EA800034A1368034909680B441360704700BF1D
:106EB800CC1C002004000020014B1868704700BF5C
:106EC800CC1C002038B50446FFF7F6FF0546B4F1A0
:106ED800FF3F02D0044B1B681C44FFF7EDFF401B2B
:106EE800A042FAD338BD00BF04000020002808DB08
:106EF8000901C9B200F1604000F5614080F8001353
:106F0800704700F00F000901C9B2014B19547047CE
:106F180014ED00E000B500F00700C0F1070CBCF16B
:106F2800040F28BF4FF0040C031D062B0ED9C31EF7
:106F38004FF0FF3E0EFA0CF021EA000199400EFADC
:106F480003FE22EA0E0241EA020000BD0023EFE739
:106F5800074AD36823F4E0631B041B0C000200F407
:106F6800E060034343F0BF6343F40033D3607047EA
:106F780000ED00E010B50446054BD868C0F30220C8
:106F8800FFF7C8FF01462046FFF7B0FF10BD00BF5E
:106F980000ED00E0002807DB00F01F024009012394
:106FA8009340024A42F82030704700BF00E100E0F9
:106FB8000138B0F1807F0BD24FF0E0235861054AC9
:106FC800F02182F823100020986107221A61704787
:106FD8000120704700ED00E0704708B5FFF7FCFF9F
:106FE80008BD90F82130022B06D0042383630023C8
:106FF80080F82030012070470268136823F00E03E0
:1070080013600268136823F001031360036C03F034
:107018001C03C16B012202FA03F34B6080F82120A4
:10702800002380F820301846704708B590F82130C2
:10703800022B03D004238363012008BD0268136870
:1070480023F00E0313600268136823F00103136032
:10705800036C03F01C03C16B012202FA03F34B60BB
:1070680080F82120002380F82030436B13B1984723
:107078000020E2E70020E0E770B582B0002365E079
:1070880085685E000324B44025EA0405CC68B44052
:107098002C438460456825EA0C054C68C4F3001449
:1070A8009C402C43446062E0DD08083550F82540D8
:1070B80003F0070C4FEA8C0C4FF00F0E0EFA0CFE83
:1070C80024EA0E0E0C6904FA0CF444EA0E0440F8A3
:1070D800254063E0062400E0002404FA0EF42C4363
:1070E8000CF1020C5A4D45F82C405A4CA568D44373
:1070F80025EA0206D1F804C01CF4801F01D042EA38
:107108000506544DAE60ED6804EA0506D1F804C0E2
:107118001CF4001F01D042EA05064E4DEE606D6872
:1071280004EA0506D1F804C01CF4003F01D042EA85
:107138000506484D6E602D682C404E6816F4803F59
:1071480001D042EA0504434A146001330A6832FA5E
:1071580003F47BD04FF0010C0CFA03FC1CEA02028A
:10716800F3D04C6804F00304013C012C88D94C6826
:1071780004F00304032C0CD0C4685D004FF0030C2A
:107188000CFA05FC24EA0C0C8C68AC4044EA0C04AC
:10719800C4604C6804F00304022C85D004684FEAEC
:1071A800430E4FF0030C0CFA0EFC24EA0C0C4C684E
:1071B80004F0030404FA0EF444EA0C0404604C6876
:1071C80014F4403FC1D0244C256A45F001052562DE
:1071D800246A04F001040194019C4FEA930C0CF119
:1071E80002051B4C54F8255003F0030E4FEA8E0E8F
:1071F8000F2404FA0EF425EA0405184CA0423FF4C3
:107208006BAF04F58064A04216D004F58064A042F8
:1072180014D004F58064A04212D004F58064A04222
:1072280010D004F58064A0420ED004F58064A0421A
:107238003FF450AF072450E701244EE702244CE7FF
:1072480003244AE7042448E7052446E702B070BD52
:1072580000000140000401400038024000000240E4
:10726800002331FA03F200F08680F0B52EE00625FF
:1072780000E0002505FA0CF5A54260D004685D0021
:107288004FF0030C0CFA05FC24EA0C0404604FEAE6
:10729800D30E0EF1080E50F82E4003F00706B60084
:1072A8000F25B54024EA050440F82E40C46824EAB6
:1072B8000C04C460446824EA02024260826822EA3C
:1072C8000C028260013331FA03F253D001229A4052
:1072D80012EA010EF6D09E08B51C274C54F825403A
:1072E80003F0030C4FEA8C0C0F2505FA0CF73C4011
:1072F800224DA842BDD005F58065A84215D005F5F8
:107308008065A84213D005F58065A84211D005F51F
:107318008065A8420FD005F58065A8420DD005F517
:107328008065A842A3D00725A4E70125A2E7022586
:10733800A0E703259EE704259CE705259AE7104C5E
:10734800256825EA0E052560656825EA0E0565604D
:10735800E56825EA0E05E560A56825EA0E05A5603D
:10736800DFF814C0B41C5CF8245025EA07054CF873
:10737800245083E7F0BD7047000001400000024040
:10738800000401400369194201D001207047002020
:1073980070470AB1816170470904816170470368C9
:1073A8005A6912F4806F01D1002070476FF480622F
:1073B8005A6100230363202280F83D2080F83E3084
:1073C800026C42F00402026480F83C3001207047ED
:1073D8002DE9F04106460C46174698463BE0FFF774
:1073E8006BFD069BC01A404502D8B8F1000F32D198
:1073F800012D18D033689B6924EA03039BB2B3FAC2
:1074080083F35B099F4226D100233363202286F849
:107418003D2086F83E30326C42F02002326486F815
:107428003C30012027E033685B6924EA03039BB200
:10743800B3FA83F35B09E5E733685B6924EA030C75
:107448001FFA8CFCBCFA8CFC4FEA5C1C674511D116
:10745800B8F1FF3FC3D1C4F30745012DECD0336821
:107468009B6924EA030C1FFA8CFCBCFA8CFC4FEADB
:107478005C1CEBE70020BDE8F0812DE9F8430546E8
:107488000E469046994653E01A6842F400721A6014
:107498002B686FF480625A6100232B63202285F8E1
:1074A8003D2085F83E302A6C42F004022A6485F8B3
:1074B8003C3001204AE0FFF7FFFCA0EB0900404503
:1074C80002D8B8F1000F33D1012F17D02B689B6970
:1074D80026EA03039BB2003B18BF012343B30023F2
:1074E8002B63202285F83D2085F83E302A6C42F037
:1074F80020022A6485F83C30012027E02B685B696C
:1075080026EA03039BB2003B18BF0123E6E72B687A
:107518009C6926EA0404A4B2003C18BF0124A4B163
:107528002B685A6912F4806FAED1B8F1FF3FC2D10F
:10753800C6F30747012FEAD12B685C6926EA0404E1
:10754800A4B2003C18BF0124E9E70020BDE8F88395
:10755800F0B583B004460D4616461F46C36A082B8D
:107568000DD0012B0BD013F5803F08D0036B122BE5
:107578000AD10268136843F48073136004E0226838
:10758800136843F4807313600097334600224FF06A
:1075980001112046FFF71CFF80B92369B3F5804F1E
:1075A80016D1236805F0FE051D613B463246134996
:1075B8002046FFF762FFF8B903B0F0BD23681B68E7
:1075C80013F4807F02D04FF4007323640320F3E7A1
:1075D800EB11226803F0060343F0F00313613B4606
:1075E800324607492046FFF748FF18B92368EDB22D
:1075F8001D61DAE70120DFE70120DDE70200010075
:10760800080001002DE9F04184B004460D461646F5
:107618001F46C26A01680B6843F480630B60082A3E
:107628000DD0012A0BD012F5803F08D0036B112B27
:107638000AD10268136843F48073136004E0226877
:10764800136843F4807313600097334600224FF0A9
:1076580001112046FFF7BCFE98B92369B3F5804FA6
:1076680019D1236845F00105EDB21D613B4632464C
:107678002A492046FFF701FF00284CD104B0BDE895
:10768800F08123681B6813F4807F02D04FF40073E5
:1076980023640320F2E74FEAE51808F00608236898
:1076A80048F0F0021A613B4632461D492046FFF772
:1076B800E4FE08B10120E1E72368EDB21D613B4615
:1076C800324616492046FFF7D8FE08B10120D5E713
:1076D80000220392236859690391996903910399D8
:1076E800196841F480711960009733464FF0011111
:1076F8002046FFF76DFE20B9226848F0F1031361B8
:10770800B4E723681B6813F4807F02D04FF400733A
:1077180023640320B2E70120B0E700BF02000100A4
:107728000800010070B504460D46164623685B69DB
:1077380013F0800F21D12046FFF731FEF8B9B5F1DB
:10774800FF3FF3D0FFF7B8FB801BA84201D8002DFC
:10775800ECD123685B6913F0800FE7D10023236322
:10776800202284F83D2084F83E30226C42F020022A
:10777800226484F83C30012000E0002070BD012024
:10778800FCE700002DE9F04385B004460D4691461C
:107798001F46DDF830800D9E0368196841F480713A
:1077A80019600096434600224FF00111FFF710FEC2
:1077B80060B9236805F0FE051D6133464246264937
:1077C8002046FFF75AFE68B1012008E023681B68CD
:1077D80013F4807F02D04FF400732364032005B0B4
:1077E800BDE8F0830023039323685A6903929B69D9
:1077F8000393039B324641462046FFF793FF30B977
:10780800012F0FD123685FFA89F61E61E7E7236C21
:10781800042B01D00120E2E72268136843F40073C7
:107828001360F7E723684FEA19221A613246414686
:107838002046FFF777FF20B923685FFA89F61E61B3
:10784800CDE7236C042B01D00120C8E72268136818
:1078580043F400731360F7E7020001002DE9F047D5
:1078680084B004460D46164699460C9FDDF83480D0
:107878000268136843F4806313600368196841F46D
:1078880080711960CDF800803B4600224FF001114D
:10789800FFF79EFD70B95FFA85FA236805F0FE05CB
:1078A8001D6143463A4641492046FFF7E6FD68B167
:1078B800012008E023681B6813F4807F02D04FF48E
:1078C80000732364032004B0BDE8F087002303930A
:1078D80023685A6903929B690393039B424639467E
:1078E8002046FFF71FFF80B9B9F1010F18D12368AF
:1078F800F6B21E61424639462046FFF713FF68B3C9
:10790800236C042B24D00120DDE7236C042B01D049
:107918000120D8E72268136843F400731360F7E77F
:107928002368320A1A61424639462046FFF7FAFEB2
:1079380018B92368F6B21E61DCE7236C042B01D06A
:107948000120C0E72268136843F400731360F7E767
:107958002268136843F400731360D4E7226813683D
:1079680043F480731360CDF800803B4600224FF04B
:1079780001112046FFF72CFD68B922684AF001037F
:10798800136143463A4609492046FFF776FD002829
:1079980099D0012097E723681B6813F4807F02D0F1
:1079A8004FF40073236403208DE700BF0200010039
:1079B80070B504460D46164623685B6913F0040F3C
:1079C80021D12046FFF7EBFCF8B9B5F1FF3FF3D022
:1079D800FFF772FA801BA84201D8002DECD123686A
:1079E8005B6913F0040FE7D100232363202284F896
:1079F8003D2084F83E30226C42F02002226484F854
:107A08003C30012000E0002070BD0120FCE770B58B
:107A180004460D46164614E06FF010025A61002322
:107A28002363202284F83D2084F83E30226C2264AF
:107A380084F83C30012025E023685B6913F0400F8F
:107A480010D02368586910F0400F1AD1586910F007
:107A5800100FE1D1FFF730FA801BA842ECD8002DB7
:107A6800EFD1E9E700232363202284F83D2084F83E
:107A78003E30226C42F02002226484F83C3001201F
:107A880000E0002070BD0000002800F0CC8070B538
:107A9800044690F83D30002B77D0242384F83D30FD
:107AA8002268136823F0010313602268136843F403
:107AB800004313602268136823F40043136001F045
:107AC80025FA62685A4B9A4264D85A4B98428CBF3E
:107AD80000230123002B40F0A8805749A1FB003167
:107AE8008B0C25686A6822F03F0242EA91426A607C
:107AF80021680A6A22F03F0266684D4DAE424FD8AF
:107B0800013313430B622168CA6922F44F4222F001
:107B1800FF026568464B9D424CD8431E6D00B3FB7F
:107B2800F5F3013340F6FC70034278D0C3F30B033E
:107B38001A43CA6121680B6823F0C003E269206A0E
:107B4800024313430B6021688B6823F4034323F03B
:107B5800FF032269E068024313438B602168CB6806
:107B680023F0FF036269A06902431343CB602268D4
:107B7800136843F00103136000202064202384F875
:107B88003D30206384F83E0070BD80F83C30FAF741
:107B980059FD82E7294B98428CBF0023012399E7BE
:107BA8004FF4967505FB03F3254DA5FB03539B097D
:107BB8000133A6E7A668BEB9431E05EB450CB3FB27
:107BC800FCF30133C3F30B03B3FA83F35B0943BB41
:107BD800C6B9431E05EB4505B3FBF5F30133C3F303
:107BE8000B0343F40043A3E7431E05EB850C0CEBA2
:107BF8008C0CB3FBFCF30133C3F30B03B3FA83F32D
:107C08005B09E4E7431E05EB850505EB8505B3FB3A
:107C1800F5F30133C3F30B0343F4404388E704232C
:107C280086E7012384E7012070470120ACE700BF05
:107C3800A08601007F841E0083DE1B43FF083D00F1
:107C4800D34D6210A8B110B50446242380F83D3006
:107C58000268136823F001031360FAF745FD00205A
:107C6800206484F83D00206384F83E0084F83C00DA
:107C780010BD0120704700002DE9F04385B004468F
:107C88000F46904699460C9EFFF716F994F83D105A
:107C9800202904D00227384605B0BDE8F083054600
:107CA8000090192301224F492046FFF791FB002835
:107CB80040F0928094F83C30012B00F08F80012333
:107CC80084F83C3023681A6812F0010F03D11A684F
:107CD80042F001021A602268136823F400631360FB
:107CE800212384F83D30102384F83E300023236498
:107CF800C4F82480A4F82A90638D23853A4BE36264
:107D08002B46324639462046FFF722FC0746002814
:107D180066D10023039323685A6903929B690393EE
:107D2800039B11E0236C042B01D00127B3E72268E1
:107D3800136843F400731360F7E72A463146204678
:107D4800FFF736FE00282ED1238D002B36D02A4689
:107D580031462046FFF7E6FC0028E3D1626A236833
:107D680012781A61606A431C6362618D89B20139B5
:107D780089B26185238D013B9BB2238522685169B5
:107D880011F0040FD9D0002BD7D043781361636A60
:107D980001336362638D9BB2013B9BB26385238D84
:107DA800013B2385C9E7236C042B01D0012772E727
:107DB8002268136843F400731360F7E722681368B6
:107DC80043F400731360202384F83D30002384F8C3
:107DD8003E3084F83C305EE702275CE702275AE72A
:107DE800012758E7020010000000FFFF2DE9F043CB
:107DF80087B004460F46904699460E9EFFF75CF8FA
:107E080094F83D10202904D00227384607B0BDE871
:107E1800F08305460090192301228A492046FFF77E
:107E2800D7FA002840F0508194F83C30012B00F03C
:107E38004D81012384F83C3023681A6812F0010F41
:107E480003D11A6842F001021A602268136823F409
:107E580000631360222384F83D30102384F83E30F9
:107E680000232364C4F82480A4F82A90638D238512
:107E7800754BE3622B46324639462046FFF7C2FB74
:107E88000746002840F02481238D5BB902932368BC
:107E98005A6902929A690292029A1A6842F4007226
:107EA8001A607AE0012B0FD0022B1FD022681368CA
:107EB80043F4806313600023059323685A6905928D
:107EC8009B690593059B68E02268136823F4806327
:107ED80013600023039323685A6903929A690392F3
:107EE800039A1A6842F400721A6056E0226813680E
:107EF80023F4806313602268136843F400631360FB
:107F08000023049323685A6904929B690493049B91
:107F180043E02A4631462046FFF779FD002840F025
:107F2800D98023681A69636A1A70636A01336362C5
:107F3800238D013B2385638D9BB2013B9BB26385F7
:107F48002BE000953346002240492046FFF740FACF
:107F5800002840F0C1802268136843F4007313605E
:107F680023681A69636A1A70626A531C6362238DF4
:107F7800013B2385638D9BB2013B9BB263852368DC
:107F88001B695370636A01336362238D013B238548
:107F9800638D9BB2013B9BB26385218D002900F064
:107FA8008A80032954D80129B3D00229C9D0009561
:107FB8003346002225492046FFF70AFA002840F0F8
:107FC8008D802268136823F48063136023681A691C
:107FD800636A1A70636A01336362238D013B2385E8
:107FE800618D89B2013989B26185009533460022D5
:107FF80016492046FFF7ECF9002871D1226813686A
:1080080043F40073136023681A69636A1A70626A1A
:10801800531C6362238D013B2385638D9BB2013B17
:108028009BB2638523681B695370636A013363627B
:10803800238D013B2385638D9BB2013B9BB26385F6
:10804800ABE700BF020010000000FFFF04000100C2
:108058002A4631462046FFF7DAFC002842D1236839
:108068001A69636A1A70636A01336362228D013A7E
:1080780092B22285638D9BB2013B9BB263852368D4
:10808800596911F0040F88D0032A0FD023681A69A0
:10809800636A1A70636A01336362238D013B238527
:1080A800638D9BB2013B9BB2638576E71A6822F425
:1080B80080621A60EAE7202384F83D30002384F8C0
:1080C8003E3084F83C30A0E602279EE602279CE674
:1080D80001279AE6012798E6012796E6012794E604
:1080E800012792E6012790E62DE9F04383B0044684
:1080F8000F46904699460C9EFEF7DEFE94F83D200A
:10810800202A03D0022003B0BDE8F0830546009082
:10811800192301224A492046FFF75AF9002840F05E
:10812800898094F83C30012B00F08680012384F884
:108138003C3023681A6812F0010F03D11A6842F024
:1081480001021A602268136823F400631360212374
:1081580084F83D30402384F83E30002323640A9B92
:108168006362BDF82C306385638D2385354BE362EC
:10817800019500964B46424639462046FFF702FBDA
:1081880000285BD1238D002B35D02A463146204666
:10819800FFF7C8FA20BB626A236812781A61626A1C
:1081A800531C6362218D013989B22185638D9BB28D
:1081B800013B9BB263852368586910F0040FE1D036
:1081C8000029DFD052781A61636A01336362238D14
:1081D800013B2385638D9BB2013B9BB26385D1E74D
:1081E800236C042B01D001208DE72268136843F427
:1081F80000731360F7E72A4631462046FFF7D8FB9D
:1082080050B1236C042B01D001207CE7226813684D
:1082180043F400731360F7E72268136843F40073AC
:108228001360202384F83D30002384F83E3084F81E
:108238003C3068E7022066E7022064E7012062E735
:10824800020010000000FFFF2DE9F04387B004464C
:108258000F4690469946109EFEF72EFE94F83D2054
:10826800202A04D00227384607B0BDE8F083054627
:1082780000901923012289492046FFF7A9F8002810
:1082880040F04E8194F83C30012B00F04B810123E3
:1082980084F83C3023681A6812F0010F03D11A6879
:1082A80042F001021A602268136823F40063136025
:1082B800222384F83D30402384F83E300023236491
:1082C8000E9B6362BDF83C306385638D2385744BD8
:1082D800E362019500964B46424639462046FFF731
:1082E800BDFA0746002840F01F81238D5BB9029331
:1082F80023685A6902929A690292029A1A6842F4A9
:1083080000721A6075E0012B0AD0022B1AD00023E4
:10831800059323685A6905929B690593059B68E054
:108328002268136823F4806313600023039323688F
:108338005A6903929A690392039A1A6842F400727E
:108348001A6056E02268136823F480631360226879
:10835800136843F4006313600023049323685A6985
:1083680004929B690493049B43E02A4631462046C5
:10837800FFF74DFB002840F0D98023681A69636A2B
:108388001A70636A01336362238D013B2385638D11
:108398009BB2013B9BB263852BE0009533460022DC
:1083A80040492046FFF714F8002840F0C1802268B1
:1083B800136843F40073136023681A69636A1A70B8
:1083C800626A531C6362238D013B2385638D9BB2D4
:1083D800013B9BB2638523681B695370636A013351
:1083E8006362238D013B2385638D9BB2013B9BB266
:1083F8006385238D002B00F08A80032B54D8012B32
:10840800B3D0022BC9D00095334600222549204617
:10841800FEF7DEFF002840F08D802268136823F401
:108428008063136023681A69636A1A70636A013388
:108438006362238D013B2385638D9BB2013B9BB215
:10844800638500953346002216492046FEF7C0FF93
:10845800002871D12268136843F4007313602368FD
:108468001A69636A1A70626A531C6362238D013B3E
:108478002385638D9BB2013B9BB2638523681B698F
:108488005370636A01336362238D013B2385638DD7
:108498009BB2013B9BB26385ABE700BF02001000B3
:1084A8000000FFFF040001002A4631462046FFF77E
:1084B800AEFA002842D123681A69636A1A70636A9F
:1084C80001336362228D013A92B22285638D9BB299
:1084D800013B9BB263852368596911F0040F88D06A
:1084E800032A0FD023681A69636A1A70636A013312
:1084F8006362238D013B2385638D9BB2013B9BB255
:10850800638576E71A6822F480621A60EAE7202316
:1085180084F83D30002384F83E3084F83C30A2E6ED
:108528000227A0E602279EE601279CE601279AE695
:10853800012798E6012796E6012794E6012792E6A7
:108548002DE9F04385B00446884691461D46FEF75E
:10855800B3FC94F83D30202B03D0022005B0BDE8D1
:10856800F083064600901923012256492046FEF75B
:108578002FFF002840F09D8094F83C30012B00F03C
:108588009A80012384F83C3023681A6812F0010F9E
:1085980003D11A6842F001021A602268136823F4B2
:1085A80000631360242384F83D3000272764464B7A
:1085B800E3623DE023681B6813F4807F02D04FF428
:1085C800007323640320C9E7A02384F83D302268A0
:1085D8005369C3F340035269C2F3802294F83D10F3
:1085E800A02909D043B93AB9FEF766FC801BA84216
:1085F800EAD8002DEBD1E7E7202384F83D30236843
:108608005A6912F0020F31D11A6842F400721A60E6
:1086180023686FF480625A61009619230122294960
:108628002046FEF7D5FE002849D101374F4538D2FC
:108638002268136843F48073136000962B46002267
:108648004FF001112046FEF7C3FE0028B2D123687F
:1086580008F0FE021A61FEF72FFC064622685369ED
:10866800C3F340035269C2F38022B7E71A6842F4A1
:1086780000721A600023039323685A6903929B6966
:108688000393039B0096192301220E492046FEF707
:108698009FFE90B9202384F83D30002384F83C30B5
:1086A8005CE7202384F83D30002384F83C30012027
:1086B80054E7022052E7022050E701204EE701204C
:1086C8004CE700BF020010000000FFFF006C70477D
:1086D80010B483B01F4B9B6813F0F00328D11D4AD8
:1086E800526A12F0805F10D01B4A126802F4C0521E
:1086F800B2F5C05F1DD1B0F5404F1AD1174A1368C3
:1087080043F004031360012313E012494A6A42F05C
:1087180080524A624A6A02F080520192019A0E4AD5
:10872800126802F4C0524C6A24F080544C62DFE7AD
:1087380000230A490A6822F001021A430A600A68FB
:1087480002F001029A4203D1002003B010BC704726
:108758000120FAE70038024000700040003C024067
:10876800002800F05E82F0B583B00446A24B9D68F5
:1087780005F00C059E6806F48036036813F0010FB7
:108788001DD0082D12D00C2D0ED06368012B35D0CA
:10879800002B49D1984B1A6822F480321A601A6863
:1087A80022F480221A602EE0002EEED0924B1B6835
:1087B80013F4003F03D06368002B00F03482236871
:1087C80013F0020F68D0042D55D00C2D51D0E3685A
:1087D800002B00F0C780894B01221A60FEF76CFB62
:1087E8000646854B1B6813F0020F40F0B280FEF777
:1087F80063FB801B0228F4D903201DE27E4A13681C
:1088080043F480331360636823B3FEF755FB0746D0
:10881800794B1B6813F4003FD1D1FEF74DFBC01B09
:108828006428F5D9032007E2052B09D0724B1A6892
:1088380022F480321A601A6822F480221A60E2E771
:108848006D4B1A6842F480221A601A6842F480322A
:108858001A60D8E7FEF730FB0746674B1B6813F42E
:10886800003FACD0FEF728FBC01B6428F5D90320D5
:10887800E2E1002EABD1604B1B6813F0020F03D06E
:10888800E368012B40F0D1815B4A536823F4F85325
:10889800216943EA01235360236813F0100F3BD08A
:1088A800002D40F08580544B1B6813F4007F03D0E3
:1088B800A369002B00F0BB81206A4F4B5B6803F46F
:1088C8006043984260D9FFF703FF002840F0B18168
:1088D800494A536823F46043216A0B435360536841
:1088E80023F07F43E16943EA01635360236A5B0B2A
:1088F8005A1C4FF4004393403F4A9268C2F3031254
:108908003F498A5CD3403F4A13603F4B1868FEF7E3
:1089180085FA002840F09081236813F0080F00F0D2
:108928009B806369002B00F08480344B0122C3F8DC
:108938008026FEF7C1FA06462F4B5B6B13F0020F39
:1089480040F08A80FEF7B8FA801B0228F4D9032089
:1089580072E1294A536823F4F853216943EA012351
:10896800536099E7254B00221A60FEF7A5FA0646E0
:10897800214B1B6813F0020F8ED0FEF79DFA801B67
:108988000228F5D9032057E11B4A536823F46043B2
:1089980018435060536823F07F43E16943EA016359
:1089A8005360206AFFF794FE00289FD0012043E11E
:1089B800A3695BB3114B01221A62FEF77DFA0646E2
:1089C8000D4B1B6813F4007F06D1FEF775FA801B68
:1089D8000228F5D903202FE1074A536823F460439E
:1089E800216A0B435360536823F07F43E16943EAEC
:1089F8000163536090E700BF00380240000047421F
:108A080010DD000800000020080000208F4B002225
:108A18001A62FEF751FA06468D4B1B6813F4007F65
:108A28003FF47AAFFEF748FA801B0228F4D90320F6
:108A380002E1864B0022C3F88026FEF73DFA06467F
:108A4800834B5B6B13F0020F06D0FEF735FA801BE1
:108A58000228F5D90320EFE0236813F0040F79D03A
:108A68007B4B5B6A13F0805F0BD1794B5A6A42F0FB
:108A780080525A625B6A03F080530193019B01267E
:108A880000E00026734B1B6813F4807F0ED0A368A8
:108A9800012B1FD0002B35D16D4B5A6B22F48072FD
:108AA8005A635A6B22F480625A6318E0694A136861
:108AB80043F480731360FEF7FFF90746654B1B68A4
:108AC80013F4807FE3D1FEF7F7F9C01B6428F5D9CA
:108AD8000320B1E05E4A536B43F480735363A36889
:108AE80033B3FEF7E9F90746594B5B6B13F4007F84
:108AF8002FD1FEF7E1F9C01B41F288339842F3D930
:108B0800032099E0052B09D0514B5A6B22F480724F
:108B18005A635A6B22F480625A63E0E74C4B5A6BF3
:108B280042F480625A635A6B42F480725A63D6E701
:108B3800FEF7C2F90746464B5B6B13F4007F08D07B
:108B4800FEF7BAF9C01B41F288339842F3D90320E3
:108B580072E0C6B9636A002B6DD00C2D4CD0022B85
:108B680017D03A4B00221A66FEF7A6F90446384B8E
:108B78001B6813F0007F3DD0FEF79EF9001B02280A
:108B8800F5D9032058E0324A536A23F080535362E0
:108B9800E0E72E4B00221A66FEF78EF905462C4BAD
:108BA8001B6813F0007F06D0FEF786F9401B0228E9
:108BB800F5D9032040E026498B6823F47D03A26A97
:108BC800E06A0243206B024313438B601F4B012270
:108BD8001A66FEF771F904461D4B1B6813F0007FF7
:108BE80006D1FEF769F9001B0228F5D9032023E016
:108BF800002021E000201FE0012B1FD0144B9B68B0
:108C080003F48031A26A91421AD103F47012E16A26
:108C18008A4217D103F44003226B934214D10020F7
:108C28000AE001207047012006E0012004E001204D
:108C380002E0012000E0002003B0F0BD0120FBE7C6
:108C48000120F9E70120F7E70120F5E70000474296
:108C5800003802400070004008B5324B9A6802F0B4
:108C68000C03082B5AD00C2B0AD0042B58D02D4BB0
:108C78005B68C3F3423301334FF40040984008BDAA
:108C8800C2F383432849C85CC2F381520132254BA1
:108C98009B6813F4803F20D04FEA401CBCEB000CCB
:108CA8006EEB0E0E4FEA8E1343EA9C634FEA8C116B
:108CB800B1EB0C0163EB0E03DB0043EA5173C9000F
:108CC80011EB000C43F10003590200234FEA4C203A
:108CD80041EADC51F7F758FFD1E74FEA401CBCEBFB
:108CE800000C6EEB0E0E4FEA8E1343EA9C634FEABC
:108CF8008C11B1EB0C0163EB0E03DB0043EA5173FB
:108D0800C90011EB000C43F10003990200234FEA5C
:108D18008C2041EA9C51F7F737FFB0E70348AEE7EC
:108D28000348ACE70038024020DD000800127A0052
:108D38000024F400002800F0D18070B50C460546E8
:108D48006A4B1B6803F001038B420DD2012928D01E
:108D5800664A136823F0010323431360136803F082
:108D68000103A34240F0BC802B6813F0020F06D029
:108D78005F4A936823F0F003A9680B4393602B685C
:108D880013F0010F72D06B68022B10D0032B32D076
:108D9800012B37D0564A126812F4007F0DD10120FA
:108DA8009BE0524A136843F004031360D0E7504A2B
:108DB800126812F4003F00F095804D498A6822F04D
:108DC800030213438B60FEF777F806466B68022BA5
:108DD8001FD0032B2CD0012B39D0454B9B6813F0A7
:108DE8000C0F43D0FEF768F8801B41F28833984295
:108DF800F3D9032071E03E4A126812F0007FDCD1FB
:108E080001206AE03A4A126812F0020FD5D1012017
:108E180063E0374B9B6803F00C03082B26D0FEF762
:108E28004BF8831B41F288329342F2D9032054E075
:108E38002F4B9B6803F00C030C2B17D0FEF73CF864
:108E4800801B41F288339842F2D9032045E0284B31
:108E58009B6803F00C03042B08D0FEF72DF8801B49
:108E680041F288339842F2D9032036E01F4B1B6841
:108E780003F00103A3420AD91C4A136823F0010333
:108E880023431360136803F00103A3422CD12B681A
:108E980013F0040F06D0164A936823F4E063E968D8
:108EA8000B4393602B6813F0080F07D0104A9368A0
:108EB80023F46053296943EAC1039360FFF7CCFEAA
:108EC8000B4B9B68C3F303130A4AD35CD8400A4B85
:108ED80018600A4B1868FDF7A1FF70BD01207047A4
:108EE8000120FAE70120F8E70120F6E7003C0240FC
:108EF8000038024010DD00080000002008000020B3
:108F0800014B1868704700BF0000002008B5FFF744
:108F1800F7FF044B9B68C3F30223034AD35CD84092
:108F280008BD00BF0038024008DD000808B5FFF79B
:108F3800E7FF044B9B68C3F3C223034AD35CD840C2
:108F480008BD00BF0038024008DD00080368B0F122
:108F5800804F0ED0204A90420BD002F5806290429A
:108F680007D002F58062904203D002F57C4290421D
:108F780003D123F070034A681343B0F1804F16D031
:108F8800154A904213D002F5806290420FD002F544
:108F9800806290420BD002F57C42904207D002F5E5
:108FA8008062904203D002F58062904203D123F49C
:108FB8004073CA68134323F080030A6913438A681D
:108FC800C2620A688262026842F0040202600122F8
:108FD80042610360704700BF0004004030B4046A77
:108FE800036A23F0010303624568826922F0730271
:108FF8000B681A4324F0020C8B6843EA0C034560A3
:1090080082614A684263036230BC704710B4036AE5
:10901800026A22F0100202624468826922F4E6427F
:10902800D1F800C042EA0C2223F02003D1F808C08E
:1090380043EA0C13446082614A688263036210BC8D
:10904800704710B4036A026A22F4807202624468AC
:10905800C26922F0730C0A6842EA0C0223F4007316
:10906800D1F808C043EA0C234460C2614A68C2636D
:10907800036210BC704710B4036A026A22F480527B
:1090880002624468C26922F4E642D1F800C042EAAA
:109098000C2223F40053D1F808C043EA0C3344608F
:1090A800C2614A680264036210BC704701F01F0184
:1090B8004FF0010C0CFA01FC036A23EA0C0303626B
:1090C800036A8A4013430362704700B310B504462D
:1090D80090F83930B3B1022384F83930214651F879
:1090E800040BFFF733FF012384F83E3084F83A304D
:1090F80084F83B3084F83C3084F83D3084F83930CB
:10910800002010BD80F83830F9F752FBE3E7012062
:109118007047000090F83930012B27D1022380F8DE
:1091280039300268D36843F00103D3600368B3F1B0
:10913800804F10D00F4A93420DD002F580629342BF
:1091480009D002F58032934205D01A6842F0010234
:109158001A60002070479A6802F00702062A07D0B2
:109168001A6842F001021A60002070470120704717
:1091780000207047000400400268D36823F0010310
:10918800D3600368196A41F21112114203D11A68B7
:1091980022F001021A60012380F83930002070475C
:1091A80000B310B5044690F83930B3B1022384F8FF
:1091B8003930214651F8040BFFF7C8FE012384F823
:1091C8003E3084F83A3084F83B3084F83C3084F8F8
:1091D8003D3084F83930002010BD80F83830F9F778
:1091E8001DFBE3E70120704710B50446084621BB84
:1091F80094F83A30013B18BF0123002B4ED190BBA5
:10920800022384F83A30012201462068FFF74EFF16
:109218002368B3F1804F36D0224A934233D002F507
:10922800806293422FD002F5803293422BD01A6885
:1092380042F001021A60002031E0042907D0082911
:109248000BD094F83D30013B18BF0123D5E794F8C3
:109258003B30013B18BF0123CFE794F83C30013B7A
:1092680018BF0123C9E7042805D0082807D002231E
:1092780084F83D30C7E7022384F83B30C3E7022374
:1092880084F83C30BFE79A6802F00702062A07D044
:109298001A6842F001021A60002000E0012010BDA7
:1092A8000020FCE70004004038B590F83830012B66
:1092B80066D004460D46012380F838300C2A5AD867
:1092C800DFE802F0075959591B595959305959596A
:1092D80044000068FFF782FE2268936943F00803A0
:1092E80093612268936923F0040393612268936968
:1092F800E9680B43936100203EE00068FFF786FEB3
:109308002268936943F4006393612268936923F4A4
:109318008063936122689369E96843EA0123936152
:10932800002029E00068FFF78CFE2268D36943F02B
:109338000803D3612268D36923F00403D361226848
:10934800D369E9680B43D361002015E00068FFF793
:1093580092FE2268D36943F40063D3612268D3691B
:1093680023F48063D3612268D369E96843EA01235F
:10937800D361002000E00120002384F8383038BD94
:109388000220FCE7704770477047704770B5044685
:109398000368DE681D6915F0020F10D016F0020F81
:1093A8000DD06FF002021A610123037603689B69EE
:1093B80013F0030F52D0FFF7E6FF0023237615F0D2
:1093C800040F12D016F0040F0FD023686FF00402B8
:1093D8001A610223237623689B6913F4407F43D0E4
:1093E8002046FFF7D0FF0023237615F0080F12D090
:1093F80016F0080F0FD023686FF008021A610423D3
:1094080023762368DB6913F0030F34D02046FFF777
:10941800BAFF0023237615F0100F12D016F0100FA4
:109428000FD023686FF010021A610823237623688F
:10943800DB6913F4407F25D02046FFF7A4FF002303
:10944800237615F0010F02D016F0010F21D115F087
:10945800400F02D016F0400F23D170BDFFF792FFE6
:109468002046FFF791FFA8E72046FFF78BFF20462D
:10947800FFF78AFFB7E72046FFF784FF2046FFF78C
:1094880083FFC6E72046FFF77DFF2046FFF77CFFF6
:10949800D5E723686FF001021A612046F8F728FE25
:1094A800D5E723686FF040021A612046FFF76DFF89
:1094B800D3E7000090F83820012A2CD010B40346D6
:1094C800012280F83820022280F83920026850688A
:1094D800946820F0700C086840EA0C0050601A6824
:1094E800B2F1804F0AD00D48824207D000F5806063
:1094F800824203D000F58030824204D124F08004F7
:10950800496821439160012283F83920002083F8BB
:10951800380010BC70470220704700BF00040040AC
:10952800026802F10C0353E8003F23F490730C32F5
:1095380042E800310029F3D1026802F1140353E82C
:10954800003F23F00103143242E800310029F3D12F
:10955800036B012B05D0202380F8423000230363DE
:109568007047026802F10C0353E8003F23F0100330
:109578000C3242E800310029F3D1ECE790F8413091
:10958800212B01D0022070478368B3F5805F17D084
:10959800036A5A1C02621A7803685A60C38C9BB229
:1095A800013B9BB2C3844BB90268D36823F08003A4
:1095B800D3600268D36843F04003D360002070474B
:1095C8000369002BE4D1036A1B880268C3F308030C
:1095D8005360036A02330362E0E7000010B50446F3
:1095E8000268136923F44053C1680B43136183680D
:1095F80002691A4343691A43C3691A430168CB686D
:1096080023F4164323F00C031343CB600268536919
:1096180023F4407381690B4353610268244B9A42D7
:1096280023D0FFF773FCE369B3F5004F20D000EBBC
:10963800800202EB820263689B00B2FBF3F21D48D2
:10964800A0FB02314909642303FB11231B013233B8
:10965800A0FB03035B0903F0F00202EB011203F025
:109668000F03216813448B6010BDFFF75FFCDAE736
:1096780000EB800000EB800063685B00B0FBF3F058
:109688000C4AA2FB00314909642303FB1103DB00E8
:109698003233A2FB03235B095A0002F4F87202EB8F
:1096A800011203F00703216813448B60DCE700BF55
:1096B800003801401F85EB512DE9F04383B0054682
:1096C8000E4617469946DDF828802B681C6836EA4E
:1096D80004040CBF01240024BC4228D1B8F1FF3F88
:1096E800F3D0FDF7E9FBA0EB0900404523D8B8F11A
:1096F800000F22D02B68DA6812F0040FE5D0802E14
:10970800E3D0402EE1D01A6812F0080FDDD0002413
:1097180001941A6801925B680193019B2846FFF740
:10972800FFFE08236B6485F84040012000E000201C
:1097380003B0BDE8F0830320FAE70320F8E760B33D
:1097480010B5044690F8413013B3242384F841300F
:109758002268D36823F40053D3602046FFF73EFF06
:109768002268136923F4904313612268536923F034
:109778002A0353612268D36843F40053D36000205E
:109788006064202384F8413084F84230606310BD5F
:1097980080F84030F8F7D0FFD7E7012070472DE96F
:1097A800F04182B01E4690F84130202B56D1044635
:1097B8000D469046002955D00AB901204FE00023F4
:1097C8004364212380F84130FDF776FB0746A4F86F
:1097D8002480A4F82680A368B3F5805F02D04FF0F8
:1097E800000814E023692BB34FF000080FE0202392
:1097F80084F84130032032E038F8023B2268C3F392
:1098080008035360E28C92B2013A92B2E284E38C8C
:109818009BB293B100963B46002280212046FFF779
:109828004BFF0028E3D1002DE6D015F8012B236863
:109838005A60E7E7A8460025E9E700963B4600227C
:1098480040212046FFF738FF18B9202384F841301B
:1098580005E0202384F84130032000E0022002B014
:10986800BDE8F0810120FAE7704708B50168CA68C9
:1098780022F04002CA60202280F84120FFF7F4FF5E
:10988800002008BD08B5406A0023C385F8F7A4FC8A
:1098980008BD704790F84230222B68D18368B3F531
:1098A800805F4ED0826AB3F5805F04D0002B55D11B
:1098B8000369002B52D103685B681370836A013314
:1098C8008362C38D9BB2013B9BB2C385002B50D1F1
:1098D80000B583B00268D36823F02003D360026820
:1098E800D36823F48073D3600268536923F00103BB
:1098F8005361202380F8423000234363036B012B1C
:1099080032D100230363026802F10C0353E8003FDD
:1099180023F010030C3242E800310029F3D1036828
:109928001A6812F0100F06D0002201921A680192EC
:109938005B680193019B818DFFF7ABFF002003B0AB
:1099480000BD0269002AADD1826A03685B68C3F36F
:1099580008031380836A02338362B2E703685B6893
:1099680003F07F031370A9E7F8F7DAFBE6E70220B4
:10997800704700207047000010B582B004460268A6
:109988001368D068516913F00F0F09D113F0200F35
:109998000CD010F0200F09D02046FFF77BFF16E00F
:1099A80011F0010115D110F4907F12D1216B01291A
:1099B80079D013F0800F03D010F0800F40F01F8192
:1099C80013F0400F03D010F0400F40F01C8102B09C
:1099D80010BD13F0010F06D010F4807F03D0626C25
:1099E80042F00102626413F0040F04D019B1626CF2
:1099F80042F00202626413F0020F04D019B1626CE3
:109A080042F00402626413F0080F07D010F0200F30
:109A180000D119B1626C42F008026264626C002ADB
:109A2800D5D013F0200F02D010F0200F29D12368D1
:109A38005B6903F04003626C12F0080F00D163B356
:109A48002046FFF76DFD23685B6913F0400F20D0B7
:109A5800226802F1140353E8003F23F04003143254
:109A680042E800310029F3D1E36B73B1684A5A63C5
:109A7800E06BFDF7DAFA0028A9D0E06B436B984752
:109A8800A5E72046FFF706FFD1E72046F8F7A4FB35
:109A98009DE72046F8F7A0FB99E72046F8F79CFBDE
:109AA8000023636493E713F0100F82D010F0100FB7
:109AB8003FF47FAF00230193136801935368019328
:109AC800019B536913F0400F5DD0E26B13685B682C
:109AD8009BB2002B49D0A18D994246D9E385936961
:109AE800202B37D0226802F10C0353E8003F23F4FF
:109AF80080730C3242E800310029F3D1226802F168
:109B0800140353E8003F23F00103143242E8003104
:109B18000029F3D1226802F1140353E8003F23F02F
:109B28004003143242E800310029F3D1202384F89D
:109B3800423000232363226802F10C0353E8003FFC
:109B480023F010030C3242E800310029F3D1E06B16
:109B5800FDF747FA02236363A18DE38D9BB2C91A0F
:109B680089B22046FFF795FE31E7A18D99427FF42F
:109B78002EAF9369202B7FF42AAF0223636320461C
:109B8800FFF787FE23E7A18DE38D9BB2C91A89B23F
:109B9800E38D9BB2002B3FF41AAF00293FF417AFB7
:109BA800226802F10C0353E8003F23F490730C324F
:109BB80042E800300028F3D1226802F1140353E888
:109BC800003F23F00103143242E800300028F3D1AB
:109BD800202384F8423000232363226802F10C0317
:109BE80053E8003F23F010030C3242E8003000280D
:109BF800F3D1022363632046FFF74BFEE7E62046D6
:109C0800FFF7BCFCE3E62046FFF72FFEDFE600BFC8
:109C18008D98000881628285C285002343642223CF
:109C280080F84230036923B10268D36843F4807333
:109C3800D3600268536943F0010353610268D36833
:109C480043F02003D3600020704708B590F84230F5
:109C5800202B08D149B10AB9012008BD00230363AC
:109C6800FFF7D8FFF9E70220F7E70120F5E7000042
:109C780038B5044600F026F8214605462046F6F792
:109C880027FF38B9204600F015F84FF07E51F6F757
:109C980015FF08B9284638BD01F01CFA21220346F1
:109CA80002481A60BDE8384000F008B8E0D400085F
:109CB80000F052B920F00040704700BF00487047DC
:109CC8000000C07F2DE9F84320F00045B5F17E5F24
:109CD800044600F0B18000F2A780B5F17C5F06462B
:109CE8000DD2B5F1485F80F0CA808B49F6F722FCA7
:109CF8004FF07E51F6F7E2FE002840F0BE80204685
:109D0800FFF7D8FF01464FF07E50F6F711FC4FF0F1
:109D18007C51F6F717FD04468049F6F713FD804994
:109D2800F6F708FC2146F6F70DFD7E49F6F700FC2C
:109D38002146F6F707FD7C49F6F7FCFB2146F6F7C6
:109D480001FD7A49F6F7F4FB2146F6F7FBFC784962
:109D5800F6F7F0FB2146F6F7F5FC764980462046F3
:109D6800F6F7F0FC7449F6F7E3FB2146F6F7EAFC50
:109D78007249F6F7DFFB2146F6F7E4FC7049F6F77F
:109D8800D7FB2146F6F7DEFC4FF07E51F6F7D2FB03
:109D98008146204600F07EFA494607464046F6F7D7
:109DA80085FD684B80469D4255D839463846F6F7BA
:109DB800C1FB4146F6F7C6FC27F47F6525F00F0581
:109DC800804629462846F6F7BDFC01462046F6F7A8
:109DD800AFFB294604463846F6F7ACFB0146204659
:109DE800F6F764FD0146F6F7A5FB01465648F6F777
:109DF8009FFB01464046F6F79BFB2946044628464A
:109E0800F6F798FB01465148F6F792FB01462046C3
:109E1800F6F78EFB01464D48F6F78AFB002E09DC63
:109E280000F10040BDE8F8830146F6F781FB0146E2
:109E3800F6F73CFDBDE8F8834549F6F783FC034691
:109E4800414920461C46F6F77DFC01462046F6F7B8
:109E580071FBBDE8F88301463846F6F773FC3946CE
:109E6800F6F768FB0146F6F765FB3A49F6F762FB39
:109E780001463748F6F75CFBD0E72046DAE70146AB
:109E8800F6F760FC05462549F6F75CFC2449F6F729
:109E980051FB2946F6F756FC2249F6F749FB2946B5
:109EA800F6F750FC2049F6F745FB2946F6F74AFC39
:109EB8001E49F6F73DFB2946F6F744FC1C49F6F720
:109EC80039FB2946F6F73EFC1A4906462846F6F7B6
:109ED80039FC1949F6F72CFB2946F6F733FC1749E4
:109EE800F6F728FB2946F6F72DFC1549F6F720FB6F
:109EF8002946F6F727FC4FF07E51F6F71BFB014683
:109F08003046F6F7D3FC2146F6F71CFC2146F6F757
:109F180011FBBDE8F88300BFCAF2497108EF113898
:109F2800047F4F3A4611243DA80A4E3E90B0A63E03
:109F3800ABAA2A3E2EC69D3D6133303F2D570140C6
:109F480039D119409999793F2EBD3BB3DB0F493F71
:109F5800DB0FC93F2EBD3B3370B521F00045B5F18D
:109F6800FF4F0A4603462CD820F00046B6F1FF4FB3
:109F7800844626D8B1F17E5F35D08C1704F00204F0
:109F880044EAD07416B33DB3B5F1FF4F33D0B6F100
:109F9800FF4F21D0761BB6F1F45F4FEAE65028DA7E
:109FA800002933DA3C3031DA0020012C3FD0022C72
:109FB80035D02CB12449F6F7BDFA2449F6F7B8FA9A
:109FC80070BD19461046F6F7B5FA70BD022C08D0D8
:109FD800032CF5D11E4870BDBCF1000F07DB1D48EE
:109FE80070BD1A4870BDBDE8704000F03DB81A4811
:109FF80070BD1848D9E7B6F1FF4F04F1FF3419D006
:10A00800022C1DD8154B53F8240070BD1146184674
:10A01800F6F74CFCFFF74EFE00F026F8C5E70A49B4
:10A02800F6F788FA01460948F6F782FA70BD00F19A
:10A03800004070BD022C05D8094B53F8240070BDB0
:10A04800002070BD074870BD2EBDBB33DB0F4940F3
:10A05800DB0F49C0DB0FC93FDB0FC9BFB8DD000804
:10A06800C4DD0008DB0F493F2DE9F04120F0004531
:10A07800B5F1A14F0446074608D3B5F1FF4F73D891
:10A08800002840F3A1806F48BDE8F0816E4B9D42E7
:10A098007AD8B5F1445F6CD34FF0FF38214620469B
:10A0A800F6F750FB01460646F6F74CFB05466749AE
:10A0B800F6F748FB6649F6F73DFA2946F6F742FBFC
:10A0C8006449F6F737FA2946F6F73CFB6249F6F792
:10A0D80031FA2946F6F736FB6049F6F72BFA294696
:10A0E800F6F730FB5E49F6F725FA3146F6F72AFB14
:10A0F8005C4906462846F6F725FB5B49F6F718FA49
:10A108002946F6F71FFB5949F6F712FA2946F6F7DA
:10A1180019FB5749F6F70CFA2946F6F713FB554988
:10A12800F6F706FA2946F6F70DFB01463046F6F72C
:10A1380001FA2146F6F706FBB8F1FF3F014646D083
:10A148004D4B4E4D53F82810F6F7F2F92146F6F725
:10A15800EFF9014655F82800F6F7EAF9002F93DAE7
:10A1680000F10040BDE8F0810146F6F7E3F9BDE8EB
:10A17800F0814349F6F7DEF94FF07E51F6F79EFC81
:10A18800002889D020467FE7FFF794FD3D4B044621
:10A198009D4221D8A3F5D0039D423FD80146F6F74A
:10A1A800C9F94FF07E51F6F7C3F903464FF08041E5
:10A1B80020461C46F6F7BEF901462046F6F776FB20
:10A1C8004FF00008044669E72F48BDE8F0812046B3
:10A1D800F6F7AEF9BDE8F0812C4B9D4216D84FF04A
:10A1E8007F51F6F7A5F903464FF07F5120461C46EC
:10A1F800F6F7A8FA4FF07E51F6F79CF9014620468B
:10A20800F6F754FB4FF00208044647E7014620489A
:10A21800F6F74CFB4FF0030804463FE74FF07E513A
:10A22800F6F786F903464FF07E5120461C46F6F7AE
:10A2380081F901462046F6F739FB4FF0010804463C
:10A248002CE700BFDB0FC93FFFFFDF3ED769853C26
:10A2580059DA4B3D356B883D6E2EBA3D2549123E85
:10A26800ABAAAA3E21A215BD6BF16E3D95879D3D17
:10A27800388EE33DCDCC4C3ED0DD0008E0DD000853
:10A28800CAF24971FFFF973FDB0FC9BFFFFF1B40B1
:10A29800000080BF20F00042B2F1FF4F2DE9F041ED
:10A2A80004464FD2002A4BD00028034654DB10F056
:10A2B800FF424FD15B001802114602F10102F9D5A5
:10A2C80049420024C3F31602A1F17F05CB074FF0E2
:10A2D800190E4FF0807C214642F4000258BF52000C
:10A2E8006D10520001EB0C039342CFBF134603EBF2
:10A2F8000C016444D31ABEF1010E4FEA43024FEA3F
:10A308005C0CEFD1BBB11A4E1A4F30683968F6F7BA
:10A318000FF9D6F8008001464046F6F7BBFB50B16E
:10A3280030683968F6F706F9366801463046F6F7B8
:10A33800A7FBC8B10234601000F17C5000EBC55097
:10A34800BDE8F0810146F6F7FDF92146F6F7F2F887
:10A35800BDE8F081C115B4E70146F6F7E9F8014612
:10A36800F6F7A4FABDE8F081013424F00104E2E72D
:10A37800F4DD0008F0DD0008242B2DE9F0478646BF
:10A38800904601D8012B06D100F0A4FE16230360E5
:10A398000020BDE8F0870D4633482A4615F8014BE2
:10A3A800065D16F00806F8D12D2C10D101262C7860
:10A3B800951C33F0100215D1302C0DD12A7802F0FB
:10A3C800DF02582A08D16C78023510230AE02B2CBA
:10A3D80004BF2C78951CECE7002BF6D1302C14BF69
:10A3E8000A230823002206F1004C0CF1FF3CBCFBB9
:10A3F800F3F9104603FB19CAA4F13007092F0FD847
:10A408003C46A3421BDD571C07D0814514D301D11C
:10A41800A24511DB012200FB034015F8014BEBE7D5
:10A42800A4F14107192F01D8373CEAE7A4F16107E5
:10A43800192F04D8573CE4E74FF0FF32EDE7531CDF
:10A4480008D122236046CEF80030B8F1000FA0D022
:10A45800691E06E006B14042B8F1000F99D0002A03
:10A46800F6D1C8F8001094E7F9DD000813460A464B
:10A47800014602480068FFF77FBF00BF18000020B0
:10A48800002B2DE9F0471D46BBBF03F100431D46D5
:10A4980000232D2388B01446B8BF1446129A109E84
:10A4A8001370149BDDF84CA023F02008B8F1460F78
:10A4B80005D0B8F1450F00D10136022300E003238F
:10A4C80007AA049206AACDE902A2CDE900362246DF
:10A4D8002B4600F0D9FEB8F1470F074619D1119B5A
:10A4E800DB070ED500EB060900220023204629468B
:10A4F800F6F758FF08B1CDF81C903022079B4B4562
:10A508001ED33846079B159ADB1B136008B0BDE8BD
:10A51800F087B8F1460F00EB0609E5D10378302B38
:10A528000AD10022002320462946F6F73BFF18B936
:10A53800C6F10106CAF80060DAF800309944D3E79A
:10A54800591C07911A70D9E7F7B50029B6BF2D2312
:10A558002B23494209290270437029DD0DF10704B4
:10A5680025460A27B1FBF7F6224607FB16133033B8
:10A5780002F8013C0B46632B314604F1FF34F1DC51
:10A588003031931E04F8011C1C46411CAB420AD30F
:10A598000DF109039B1AA54238BF0023821C1344FE
:10A5A800181A03B0F0BD13F8016B01F8016FEDE75D
:10A5B800302330318370C170031DF1E72DE9F04F6E
:10A5C80091B00C46DDF8688016461F46054600F037
:10A5D80037FD036818460A93F6F774FC00230E93B8
:10A5E800D8F8003094F818A0073323F00703F3E8ED
:10A5F8000212D4F800B0CDE90812C8F800301346AA
:10A608000A46C4E91223DDE9088323F000490B90C8
:10A618004FF0FF32404649469B4BF6F7F5FE70BBBC
:10A628004FF0FF3240464946974BF6F7CFFE30BB16
:10A63800DDE9080100220023F6F7BEFE10B12D2344
:10A6480084F84330914A924BBAF1470F8CBF904639
:10A65800984603234FF0000923612BF0040323607D
:10A6680033462146284600970FAA00F0D3F9013057
:10A6780040F08F804FF0FF3011B0BDE8F08FDDE97A
:10A68800082310461946F6F7BFFE40B1099B814AD8
:10A69800002BBCBF2D2384F843307F4BD4E763687D
:10A6A8000AF0DF095A1C3ED10623636000224BF4EE
:10A6B8008063236006920EAACDE904A20DAA039234
:10A6C8000DF13302CDE90132636828460093DDE9D4
:10A6D8000823FFF7D5FEB9F1470F80460D9929D118
:10A6E800C81C02DB63688B4241DAAAF1020A5FFAEE
:10A6F8008AFA5246013904F150000D91FFF724FF00
:10A708000E9A81461318012A236102DC2268D207B7
:10A7180001D5013323619DF83330002BA0D02D23C0
:10A7280084F843309CE7B9F1470FBFD1002BBDD166
:10A738000123BAE7BAF1650FDBD9BAF1660F18D170
:10A74800002963680BDD216113B92268D00702D59F
:10A7580001330B4423614FF00009A165DBE713B90E
:10A768002268D20701D50233F4E70123F2E74FF05C
:10A77800670A0E9B8B4205DC23682161D807EAD55E
:10A788004B1CE7E70029CCBF0122C1F102021344A8
:10A79800E0E723685A0507D423694246314628462C
:10A7A800B84701302BD165E7BAF1650F40F2DC807C
:10A7B800D4E9120100220023F6F7F4FD002833D073
:10A7C800012331462846354AB84701303FF452AF95
:10A7D800DDE90D38434502DB2368D8070FD5DDE9ED
:10A7E8000A2331462846B84701303FF443AF4FF0BB
:10A7F800000908F1FF3804F11A0AC84509DC236882
:10A808009B0700F10281E0680F9B9842B8BF184689
:10A8180032E70123524631462846B84701303FF413
:10A8280029AF09F10109E8E70D9B002B38DC01236A
:10A8380031462846194AB84701303FF41BAFDDE9D5
:10A848000D3959EA030302D12368D907D7D5DDE9C1
:10A858000A2331462846B84701303FF40BAF4FF082
:10A86800000A04F11A0B0D9B5B42534501DC4B4671
:10A8780093E701235A4631462846B84701303FF44A
:10A88800F9AE0AF1010AEEE7FFFFEF7FFDDE0008EF
:10A89800F9DE000805DF000801DF000809DF00080D
:10A8A800A36DDDF838A05345A8BF5346002B994641
:10A8B80036DC4FF0000B29EAE97904F11A02A36D9E
:10A8C8000893A3EB09035B4531DC0D9B9A453ADC01
:10A8D8002368DA0737D40D9BAAEB0309089BAAEB78
:10A8E80003039945A8BF9946B9F1000F33DC4FF02F
:10A8F800000829EAE97904F11A0B0D9BAAEB030376
:10A90800A3EB090343457FF77AAF01235A46314643
:10A918002846B84701303FF4ADAE08F10108ECE72E
:10A92800424631462846B8470130C2D1A2E6012343
:10A93800314628460892B84701303FF49BAE089A42
:10A948000BF1010BBBE73146DDE90A232846B8477E
:10A958000130C0D18EE6089A4B463146284642441B
:10A96800B8470130C3D185E6DDF838A0BAF1010F48
:10A9780001DCDB0736D50123424631462846B84775
:10A9880001303FF477AEDDE90A2331462846B8475F
:10A9980001303FF46FAED4E91201002200230AF11E
:10A9A800FF3AF6F7FFFCC0B9534608F101023146F9
:10A9B8002846B84701300CD15CE601235A46314697
:10A9C8002846B84701303FF455AE08F10108D04594
:10A9D800F3DB4B4604F15002E0E64FF0000804F1C7
:10A9E8001A0BF4E701234246E1E701234A463146C0
:10A9F8002846B84701303FF43DAE08F10108E36846
:10AA08000F995B1A4345F0DCFDE64FF0000804F1AE
:10AA18001909F4E72DE9F047164698468A680B6944
:10AA280007469342B8BF1346336091F843200C465B
:10AA3800DDF820900AB1013333602368990642BFDC
:10AA4800336802333360256815F0060506D104F132
:10AA5800190AE36832689B1AAB422BDC94F843303E
:10AA68002268003B18BF0123920630D4414638467D
:10AA780004F14302C847013023D02368226903F058
:10AA88000603042B14BF002533684FF0000608BFE7
:10AA9800E56804F11A0408BFED1A54F8123C08BF1F
:10AAA80025EAE5759342C4BF9B1AED18B5421AD141
:10AAB800002008E00123524641463846C847013085
:10AAC80003D14FF0FF30BDE8F0870135C1E73020F2
:10AAD800E11881F843005A1C94F8451022440233C7
:10AAE80082F84310C2E70123224641463846C84748
:10AAF8000130E6D00136D9E72DE9F0430D7E85B067
:10AB0800782D904607460C4699460C9E01F1430263
:10AB180007D8622D0AD8002D00F0D780582D00F0F4
:10AB2800BC8004F1420684F842503BE0A5F163037F
:10AB3800152BF6D801A151F823F000BF9DAB0008F2
:10AB4800B1AB00082BAB00082BAB00082BAB0008FF
:10AB58002BAB0008B1AB00082BAB00082BAB0008EF
:10AB68002BAB00082BAB0008B9AC0008DBAB000826
:10AB78006BAC00082BAB00082BAB0008DBAC000863
:10AB88002BAB0008DBAB00082BAB00082BAB000895
:10AB980073AC000833681A1D1B68326004F1420662
:10ABA80084F842300123A1E033682068191D316020
:10ABB800060601D51D6803E04506FBD5B3F900502C
:10ABC800002D03DA2D236D4284F843300A235B48B5
:10ABD80011E021683368080653F8045B02D449067B
:10ABE80048BFADB23360237E54486F2B5CD1082335
:10ABF800002184F843106668002EA66005DB2168F2
:10AC08002E4321F00401216050D01646B5FBF3F124
:10AC180003FB115C10F80CC006F801CDAC46634587
:10AC28000D46F3D9082B0BD12368DB0708D5236918
:10AC380061689942DEBF302306F8013C06F1FF3611
:10AC4800921B2261434621463846CDF8009003AA5C
:10AC5800FFF7E0FE01304ED14FF0FF3005B0BDE800
:10AC6800F083236843F0200323607825344884F870
:10AC780045502368316813F0800F51F8045B03D105
:10AC880013F0400F18BFADB23160D90744BF43F08D
:10AC9800200323601DB11023AAE72848E7E72368AB
:10ACA80023F020032360F6E70A23A1E71646B9E755
:10ACB80033682568181D616930602E061B6801D548
:10ACC800196002E06806FBD5198000231646236147
:10ACD800B8E7336800211A1D32601E686268304682
:10ACE80000F02DFA08B1801B6060636823610023BF
:10ACF80084F84330A6E73246414638462369C847B8
:10AD08000130A9D023689B0713D4E068039B9842BD
:10AD1800B8BF1846A2E70123324641463846C8471D
:10AD2800013099D00135E36803995B1AAB42F2DC34
:10AD3800EBE7002504F11906F5E700BF0BDF000873
:10AD48001CDF0008002310B50446C0E90033C0E941
:10AD58000433836081814366C28183611946082276
:10AD68005C3000F046F90D4B246263620C4BA36221
:10AD78000C4BE3620C4B23630C4B9C4206D003F153
:10AD88006802944202D0D0339C4205D104F15800A5
:10AD9800BDE8104000F0C8B910BD00BF41AF0008C1
:10ADA80063AF00089BAF0008C1AF0008D01C0020AB
:10ADB800024A0349034800F06BB800BF0C000020AA
:10ADC8000DCB00081C00002041680C4B10B59942BF
:10ADD800044601D001F096FEA168094B994202D0C1
:10ADE800204601F08FFEE168064B994204D02046C8
:10ADF800BDE8104001F086BE10BD00BFD01C002089
:10AE0800381D0020A01D00200C4B0D4A10B5042150
:10AE18001A600C480022FFF795FF0A4B01221C46D6
:10AE2800092103F16800FFF78DFF04F1D000022229
:10AE3800BDE810401221FFF785BF00BF081E0020A3
:10AE4800B9AD0008D01C0020014800F06EB900BF61
:10AE5800111E0020014800F069B900BF111E002032
:10AE680010B50446FFF7F0FF236A1BB1BDE8104098
:10AE7800FFF7F0BF044B2362044B1B68002BF5D18E
:10AE8800FFF7C2FFF2E700BFD1AD0008081E00209F
:10AE98002DE9F8430746884614460026D4E901956B
:10AEA800B9F1010905D52468002CF7D13046BDE871
:10AEB800F883AB89012B07D9B5F90E30013303D0DC
:10AEC80029463846C04706436835E9E70CB430B52B
:10AED800184B0C1E1D689DB008DA8B234FF0FF300D
:10AEE8002B601DB0BDE8304002B070474FF40273CC
:10AEF800ADF814304FF000031B930CBF234604F148
:10AF0800FF33049307934FF6FF7302900690ADF852
:10AF18001630284621AB209A02A9019301F07CFC47
:10AF2800431CBCBF8B232B60002CDAD00022029B71
:10AF38001A70D6E71800002010B50C46B1F90E10AB
:10AF480000F0A4F80028ABBF636DA3891B1823F495
:10AF58008053ACBF6365A38110BD2DE9F0411F4646
:10AF68008B890546DB050C46164605D502230022CB
:10AF7800B1F90E1000F078F8A389324623F4805313
:10AF8800A38128463B46B4F90E10BDE8F04100F015
:10AF98008FB810B50C46B1F90E1000F065F8B4F989
:10AFA8000C30421C0BBF23F4805343F48053A3811D
:10AFB800A38118BF606510BDB1F90E1000F044B848
:10AFC800884210B501EB020402D98442234607D80F
:10AFD800431EA14207D011F8012B03F8012FF8E70F
:10AFE8000244824200D110BD13F8011D02F8011D70
:10AFF800F7E703460244934200D1704703F8011B68
:10B00800F9E70346C9B2184613F8012B12B18A4270
:10B01800F9D17047002918BF0020704710B56AB1F0
:10B028000139841810F8012B11F8013F9A4203D115
:10B03800A04201D0002AF5D1D01A10BD1046FCE775
:10B04800004870475801002038B50023054D0446D4
:10B0580008462B60F7F781FC431C02D12B6803B12B
:10B06800236038BD0C1E002038B50446084611463A
:10B078000022054D2A601A46F7F779FC431C02D1D5
:10B088002B6803B1236038BD0C1E002038B5044678
:10B09800084611460022054D2A601A46F7F73FFC7C
:10B0A800431C02D12B6803B1236038BD0C1E00205D
:10B0B80038B50446084611460022054D2A601A464E
:10B0C800F7F73DFC431C02D12B6803B1236038BD60
:10B0D8000C1E0020014B1868704700BF18000020A4
:10B0E80070B500260C4D0D4B5B1B9C10A64209D178
:10B0F800002602F071F80A4D0A4B5B1B9C10A64211
:10B1080005D170BD55F8043B98470136EEE755F870
:10B11800043B98470136F2E770E1000870E1000847
:10B1280070E1000874E100087047704770470346F3
:10B1380011F8012B03F8012B002AF9D170470346B7
:10B1480010B5C9B202449342184601D1002003E069
:10B15800047801338C42F6D110BD0A44914200F1C3
:10B16800FF3300D1704710B511F8014B914203F835
:10B17800014FF9D110BD2DE9F74F03690C69074656
:10B18800A3427EDB013CA30000F1140501F1140881
:10B19800009305EB8403019358F8243055F82420D4
:10B1A80001339A42B2FBF3F608EB84092ED34FF031
:10B1B800000AC446AE46D3465CF8043B98B206FB88
:10B1C80000A01B0C020C06FB0323DEF8002080B253
:10B1D80092B2121A5A44DEF800004FEA134A9BB2A0
:10B1E800C3EB224303EB104392B242EA0342E14528
:10B1F8004FEA234B4EF8042BDED2009BEB582BB9B9
:10B20800019B043B9D421A462FD33C61384601F00E
:10B2180097F9002825DB2946002058F8042BD1F897
:10B2280000C01FFA82FE1FFA8CF3A3EB0E0303443F
:10B23800120CC2EB234202EB1C429BB243EA0243CC
:10B24800C1454FEA224041F8043BE6D255F8242094
:10B2580005EB840322B9043B9D421A460BD33C619B
:10B268000136304603B0BDE8F08F1268043B002A6F
:10B27800CBD1013CC6E71268043B002AEFD1013C60
:10B28800EAE70020EEE700002DE9F04F16461F46DA
:10B29800C26999B08146CDE90E67259C82B9102014
:10B2A80000F020FE0246C9F81C0020B9EF21A84B87
:10B2B800A84801F05FFC0023C0E901330360C360C4
:10B2C800116859B101235268484693404A608B601F
:10B2D80000F0FCFE0022D9F81C301A60B7F1000813
:10B2E800B5BF01230023236023609B4BBCBF28F01C
:10B2F8000048CDF83C8033EA08031AD142F20F73B4
:10B30800249AC8F3130858EA0608136000F07485F5
:10B31800269B53B9914B21E0914B03930833269A0E
:10B328001360039819B0BDE8F08F8C4B0393033377
:10B33800F5E7DDE90E34CDE90A34DDE90A0100223A
:10B348000023F6F72FF8824650B10123249A1360A0
:10B35800269B13B1834B269A1360834B0393E0E734
:10B3680016AB019317AB00934846DDE90A2301F0B9
:10B378009BF95FEA1854169D04907BD0DDE90A0119
:10B388000B9BA4F2FF34C3F3130343F07F5343F43E
:10B398004013CDF850A019460022744BF4F7E4FE90
:10B3A80065A3D3E90023F5F795FD65A3D3E9002349
:10B3B800F4F7DCFE064620460F46F5F723F862A3AD
:10B3C800D3E90023F5F786FD02460B463046394699
:10B3D800F4F7CCFE06460F46F5F77EF800228046C5
:10B3E800002330463946F5F7E7FF48B14046F5F700
:10B3F80009F832463B46F5F7D5FF08B908F1FF389A
:10B40800B8F1160F53D8DDE90A01594B03EBC8030D
:10B41800D3E90023F5F7D0FF00284AD0002308F12C
:10B42800FF3811932D1B6B1E099349BF002300277A
:10B43800C5F101070993B8F1000F3CDB099BCDF872
:10B4480040804344099300230C93229B092B64D822
:10B45800052BC4BF043B2293229BC8BF0024A3F141
:10B468000203D8BF0124032B00F28680DFE803F033
:10B478005153362B179C2C4404F23243202BC1BF66
:10B48800C3F1400308FA03F804F2124326FA03F35F
:10B49800D6BFC3F1200348EA030006FA03F0F4F725
:10B4A800A1FF0122A1F1F873013C149273E7012373
:10B4B800B7E71190B6E7C8F100030C930023A7EB98
:10B4C80008071093C1E701230D93239B4344089376
:10B4D8000133012B0593B8BF012306E001230D9327
:10B4E800239B002B4BDD0893059300210422D9F8F8
:10B4F8001C0002F114059D4246D94160484600F0FF
:10B50800A7FD0390002842D1024640F2AF11194B23
:10B51800CEE60023E3E70023D6E7012400230D94B9
:10B5280022934FF0FF3300220893059312232392AE
:10B53800DBE700BFAFF3008061436F63A787D23FAB
:10B54800B3C8608B288AC63FFB799F501344D33F0A
:10B558003ADF000851DF00080000F07F36DF0008FE
:10B568002DDF00080ADF000809DF00080000F83FA7
:10B57800A0E00008A9DF000801230D93D1E701230B
:10B588001A4608930593D2E701315200B1E7D9F87A
:10B598001C30039A1A60059B0E2B00F2A180002C28
:10B5A80000F09E80B8F1000F36DD9F4B08F00F02C7
:10B5B80003EBC20318F4807F4FEA2815D3E900ABE8
:10B5C80016D0DDE90A01994B0324D3E90823F5F7DE
:10B5D800ABFDCDE9060105F00F05944E75B9DDE91F
:10B5E800060152465B46F5F79FFD82468B462DE0E5
:10B5F800DDE90A34CDE906340224EEE7E90708D587
:10B60800D6E9002350465946F5F764FC82468B4636
:10B6180001346D100836E1E700F0AD80DDE90A017C
:10B62800C8F10005804B05F00F0203EBC203D3E914
:10B638000023F5F74FFC022482468B4600237B4EFD
:10B648002D11002D40F08C80002BCED1119B002BAA
:10B6580000F09580002250465946754BF5F7ACFE30
:10B66800002800F08C80059B002B00F08880089B48
:10B67800002B35DD08F1FF3350465946069300226A
:10B688006C4BF5F727FC82468B46089E0134204612
:10B69800F4F7B8FE52465B46F5F71CFC0022664BF1
:10B6A800F4F764FD0446A1F15075CDE91245002E6A
:10B6B80069D1002250465946604BF4F755FD2246A1
:10B6C8002B4682468B46F5F795FE002840F0998276
:10B6D80022465046594605F10043F5F76DFE20BB5A
:10B6E800179B002BC0F26581B8F10E0F00F3618142
:10B6F8004D4B03EBC803D3E900AB239B002B80F22F
:10B70800EF80059B002B00F3EB800ED100224B4B02
:10B7180050465946F5F7DEFB02460B46DDE90A01BD
:10B72800F5F754FE002800F06F8200252C46239B75
:10B73800039EDB430693274600242946484600F02B
:10B74800C5FC002F00F0C2802CB1BC4203D02146BA
:10B75800484600F0BBFC3946484600F0B7FCB5E067
:10B76800EA0705D5D6E90023F5F7B4FB0123013430
:10B778006D10083665E70224DDE90AAB66E7059E29
:10B78800CDF8188083E7284B03EBC60353E9020181
:10B798000D9B002B56D002460B4600202849F5F792
:10B7A800C3FCDDE91223F4F7DFFC039BCDE91201AA
:10B7B8009D191E4659465046F4F78EFE0446F4F786
:10B7C80021FE02460B4650465946F4F7CDFCDDE90A
:10B7D8001223303406F8014B82468B46F5F7ECFD10
:10B7E800002873D152465B4600201149F4F7BCFC8F
:10B7F800DDE91223F5F7E0FD002840F0BB80AE42FA
:10B808003FF46EAFDDE9120100220A4BF5F762FB47
:10B818000022CDE91201074B50465946F5F75AFB6D
:10B8280082468B46C6E700BFA0E0000878E0000823
:10B838000000F03F0000244000001C4000001440BD
:10B848000000E03FDDE91223F5F744FB039BCDE957
:10B8580012013344039D159359465046F4F73CFEB4
:10B868000446F4F7CFFD0B46024659465046F4F716
:10B878007BFC3034159B05F8014B9D4282468B4674
:10B8880027D1DDE91201039B00221E44B54BF4F7D2
:10B898006DFC02460B4650465946F5F7ABFD0028AD
:10B8A80068D1DDE912230020AE49F4F75DFC0246B9
:10B8B8000B4650465946F5F77FFD00283FF410AF78
:10B8C800334616F8012D302AFAD01E46DDF81880C6
:10B8D8003EE00022A44BF5F7FDFA82468B46BBE713
:10B8E8000024039EA04D5246DDE90A015B46F5F7A8
:10B8F8001BFCF4F7F1FD0746F4F784FD52465B465E
:10B90800F5F7E8FA02460B46DDE90A01F4F72CFCE4
:10B9180007F1300C06F801CBDDF80CC0DDF814E0B7
:10B92800A6EB0C0CE64502460B4633D1F4F71EFC99
:10B9380052465B4604460D46F5F75CFDC0B95246D3
:10B948005B4620462946F5F72DFD08B1FB070FD4C5
:10B958004846049900F0BAFB0023249A337008F192
:10B9680001031360269B002B3FF4DBAC1E60D8E478
:10B97800CDF8188033461E4613F8012D392A06D112
:10B98800039A9A42F7D1069A01320692302201327E
:10B998001A709BE722462B46F5F79CFA02460B469F
:10B9A800CDE90A2300220023F5F7FCFC00289AD0F1
:10B9B800CEE70D9A002A00F0E380229A012A00F3CC
:10B9C800C280149A002A00F0BA8003F233430C9D17
:10B9D8003E46099A01211A4448461F44099200F03C
:10B9E80029FC044656B1099B002B07DDB342A8BFCA
:10B9F8003346099AFF1AF61AD31A09930C9B0BB30C
:10BA08000D9B002B00F0C380002D00F0BD80214667
:10BA18002A46484600F0CCFC049A014604464846AB
:10BA280000F01EFC04998246484600F04FFB0C9B30
:10BA38005B1B0C9300F0AE8051460C9A484600F010
:10BA4800B7FC04900121484600F0F4FB109B054622
:10BA5800002B00F0D8811A460146484600F0A8FCA1
:10BA6800229B0546012B00F39D800E9B002B40F086
:10BA780094800F9BC3F31303002B40F08E800F9B21
:10BA880023F000431B0D1B05002B00F089804FF0AD
:10BA9800010A099B013701330993109B002B00F021
:10BAA800B8812B6905EB8303186900F077FBC0F1B7
:10BAB8002000099B184410F01F007ED0C0F120031D
:10BAC800042B72DD099BC0F11C00034407440644A3
:10BAD8000993002F05DD3A464846049900F0C4FC56
:10BAE8000490099B002B05DD29461A46484600F0BC
:10BAF800BBFC0546119B002B61D02946049800F039
:10BB08001FFD00285BDA08F1FF3306930A220023A1
:10BB18004846049900F0FCFA0D9B0490002B00F0B5
:10BB28007A81002321460A22484600F0F1FA089B50
:10BB38000446002B72DC229B022B49DC6EE0169B2C
:10BB4800C3F1360343E7059B5D1E0C9BAB420DDB3F
:10BB58005D1B059B002BBFF63BAF059BFE1A002320
:10BB680037E700BF0000E03F000024400C9B109A1C
:10BB7800EB1A1A440C953E460025059B109228E7BF
:10BB88003E460C9D0D9C2DE7DDF810A054E70C9A5D
:10BB9800049953E7CDF810A054E74FF0000A7CE76A
:10BBA8009A467AE74FF0000A7BE792D0099A1C334D
:10BBB8001A441F441E4409928BE70346F6E7059B87
:10BBC800CDF81880002B23DC0893229B022B21DD63
:10BBD800089B002B7FF4ABAD29460522484600F0B0
:10BBE80097FA01460546049800F0AAFC00287FF75A
:10BBF8009EAD3123039E06F8013B069B0133069355
:10BC080099E535462C46F4E7059DCDF81880F9E707
:10BC1800059B08930D9B002B00F00181002E05DD8C
:10BC280021463246484600F01FFC0446BAF1000F90
:10BC38005AD04846616800F00BFA064628B9024611
:10BC480040F2EF21814BFFF733BB226904F10C016D
:10BC5800023292000C30FFF780FA01223146484642
:10BC680000F002FC0746039B039A03F1010B089BB3
:10BC780013440A930E9B03F0010309930BF1FF335E
:10BC8800294604980593FFF776FA2146089000F1B3
:10BC9800300A049800F054FC3A4680462946484643
:10BCA80000F06AFCC268064602BB0146049800F030
:10BCB80047FC0246314648460C9200F007FA229BA0
:10BCC8000C9A5E4642EA0301099B194310D1BAF166
:10BCD800390F2BD0B8F1000F02DD089B03F1310AB0
:10BCE800059B83F800A028E52746BCE70122E1E789
:10BCF800B8F1000F06DB229B48EA0308099B58EAC3
:10BD0800030820D1002AEBDD01220499484600F0FF
:10BD1800ABFB2946049000F013FC002803DCDFD1BC
:10BD28001AF0010FDCD0BAF1390FD6D13923059AB0
:10BD3800137033461E4616F8012C013B392A53D09E
:10BD480001321A70F9E4002A07DDBAF1390FEDD093
:10BD5800059A0AF101031370EFE40A9B0BF801AC92
:10BD68005B452BD000230A220499484600F0D0F9FD
:10BD7800BC4204904FF000034FF00A0221464846A7
:10BD880006D100F0C5F9044607460BF1010B75E72B
:10BD980000F0BEF93946044600230A22484600F05E
:10BDA800B7F90746F1E7089B2746002B03F1FF3652
:10BDB800D8BF00260024039B5A1C1644012204996C
:10BDC800484600F051FB2946049000F0B9FB0028D2
:10BDD800AFDC02D11AF0010FABD133461E4613F87F
:10BDE800012D302AFAD0A8E4039A9A42A2D1069BE0
:10BDF800013306933123AEE7269B002B7FF48CAAF0
:10BE0800134BFFF7ABBA229B012B7FF72EAEDDF861
:10BE180040A001204DE6089B002B7FF7D6AE039E7D
:10BE280029460498FFF7A7F9039B00F1300A06F8A2
:10BE380001ABF21A089B9342B5DD00230A2248465B
:10BE4800049900F065F90490EAE700BFA9DF00084B
:10BE58002DDF000838B50546002940D051F8043CCC
:10BE68000C1F002BB8BFE41800F0E6F81C4A136852
:10BE780033B9636014602846BDE8384000F0E2B882
:10BE8800A34208D9206821188B4201BF19685B6852
:10BE980009182160EDE71A465B680BB1A342FAD98D
:10BEA80011685018A0420BD12068014450188342F1
:10BEB8001160E0D118685B68084410605360DAE7E5
:10BEC80002D90C232B60D6E7206821188B4201BFCA
:10BED80019685B680918216063605460CBE738BD56
:10BEE800181E0020024B0146186800F025B800BF54
:10BEF8001800002070B50F4E0C463168054611B980
:10BF080000F028FE30602146284600F023FE431C3E
:10BF180003D14FF0FF34204670BDC41C24F0030445
:10BF2800A042F8D0211A284600F014FE0130F2D1C0
:10BF3800EFE700BF141E00202DE9F843CD1C25F0C3
:10BF4800030508350C2D38BF0C25002D064601DBEE
:10BF5800A94204D90C2333600020BDE8F883DFF838
:10BF6800D48000F069F8D8F800301C4644BB294654
:10BF78003046FFF7BFFF431C044658D1D8F80040AD
:10BF88002746002F43D1002C4BD023683946304632
:10BF980004EB030900F0DEFD814542D121683046FB
:10BFA8006D1A2946FFF7A6FF01303AD023682B44C3
:10BFB8002360D8F800305A6862BBC8F800700FE0F8
:10BFC8002268521B20D40B2A17D96119A342256075
:10BFD80018BF5960636808BFC8F8001062514B6009
:10BFE800304600F02FF804F10B00231D20F0070065
:10BFF800C21A1CBF1B1AA350AFE76268A3420CBF4A
:10C00800C8F800205A60EBE723466468AEE73C4670
:10C018007F68B6E71A465B68A342FBD100235360EA
:10C02800DEE70C233046336000F00CF894E7056037
:10C03800D6E700BF181E00200148FFF776B800BFFA
:10C04800101E00200148FFF771B800BF101E002025
:10C0580070B5C46905460E4684B91020FFF742FF43
:10C068000446E86128B902466B21164B164800F0D1
:10C0780081FD0023C0E901330360C360E36853B95D
:10C0880021220421284600F093FDEB69E060DB687B
:10C098000BB9002070BD53F8260030B1026843F890
:10C0A80026200023C0E90333F4E7012101FA06F44E
:10C0B800621D2846920000F07BFD0028E9D0C0E907
:10C0C8000164EEE73ADF0008BADF000870B5C66918
:10C0D80005460C4676B91020FFF704FF0246E861D2
:10C0E80020B98F21084B094800F044FDC0E90166DA
:10C0F8000660C6603CB1EB696268DB6853F82210E1
:10C10800216043F8224070BD3ADF0008BADF00081A
:10C118002DE9F04107460C461E4600200D6901F145
:10C12800140CDCF80030013099B202FB01611E0CDE
:10C138000B0C02FB063389B201EB034185424FEA3F
:10C1480013464CF8041BECDC0EB3A368AB4219DCB5
:10C15800616838460131FFF77BFF804628B90246FF
:10C16800BA210C4B0C4800F005FD226904F10C01C2
:10C17800023292000C30FEF7F0FF21463846FFF7F6
:10C18800A5FF444604EB850301355E612561204621
:10C19800BDE8F081A9DF0008BADF00080346B0F562
:10C1A800803F3ABF030410200020B3F1807F3CBFDA
:10C1B8001B020830B3F1805F3CBF1B010430B3F1B0
:10C1C800804F3CBF9B000230002B05DB13F0804FF3
:10C1D80000F1010008BF202070470368024613F0F1
:10C1E80007000BD0D90721D4980749BF5B089B08E3
:10C1F800012013605CBF02201360704799B209B92F
:10C2080010201B0CD9B209B908301B0A190704BF42
:10C218001B090430990704BF9B080230D90703D4CF
:10C228005B0800F1010003D01360704700207047DD
:10C238002020704710B50C460121FFF709FF024680
:10C2480028B940F24511044B044800F093FC01233F
:10C258004461036110BD00BFA9DF0008BADF000810
:10C268002DE9F04FD1F81090D2F810A08846D145AA
:10C27800144685B004DB53460C46CA469046994698
:10C28800A36861680AEB0906B342B8BF0131FFF73A
:10C29800DFFE30B902464FF4B171434B434800F01A
:10C2A80069FC00F114052B46002205EB8607BB420A
:10C2B8001FD304F1140C08F114010CEB8A0301EBF1
:10C2C800890202921A1B153A22F0030215349C4285
:10C2D80088BF00220192029A03918A420CD8002E4C
:10C2E80003DD57F8043D002B5CD0066105B0BDE8BE
:10C2F800F08F43F8042BDAE7B1F800A0BAF1000F89
:10C3080023D0E046A9464FF0000E58F8042BD9F880
:10C3180000401FFA82FBA4B20AFB0B447444D9F80C
:10C3280000E0120C4FEA1E4E0AFB02E202EB144236
:10C33800A4B244EA024443454FEA124E49F8044B7A
:10C34800E3D8019AAA18C2F804E0039A0431B2F8B3
:10C358000280B8F1000F23D02A68E6469146AA4623
:10C368004FF0000BBEF8004092B208FB04B404EB97
:10C37800194442EA04424AF8042B5EF8042BDAF81E
:10C3880000904FEA124B1FFA89F208FB0B22734503
:10C3980002EB14424FEA124BE4D8019C2C1962605C
:10C3A800043598E7013E9AE7A9DF0008BADF0008DC
:10C3B8002DE9F843174612F0030280460D4607D0D0
:10C3C800264C013A002354F82220FFF7A1FE054627
:10C3D800BF103FD0D8F81C4094B91020FFF782FD59
:10C3E8000446C8F81C0030B9024640F2B3111C4B91
:10C3F8001C4800F0BFFB0023C0E901330360C360A1
:10C40800A66846B940F271214046FFF713FF0023A2
:10C418000646A06003602C464FF0000907F00103B0
:10C428007F1053B1294632464046FFF719FF21468F
:10C4380005464046FFF74AFE67B1306838B93246CC
:10C4480031464046FFF70CFF3060C0F800900646C2
:10C458002C46E3E72846BDE8F88300BF6CE00008F7
:10C468003ADF0008BADF00082DE9F84F0C46074606
:10C4780015462369496803EB6218A3684FEA621AF4
:10C4880008F101094B450BDB3846FFF7E1FD06468D
:10C4980048B902464FF4EF71274B284800F06AFB71
:10C4A80001315B00EEE70023194600F1140C00F19E
:10C4B8001002534534DB22692AEAEA7A0CEB8A0C2B
:10C4C80004F1140315F01F0E614603EB82022BD012
:10C4D8000025CEF1200A8B461868043100FA0EF0C8
:10C4E8002843CBF8000053F8045B9A4225FA0AF572
:10C4F800F1D8131B153B23F0030304F115018A42FD
:10C5080038BF00239C44CCF8045005B9C1463846CE
:10C518002146C6F81090FFF7D9FD3046BDE8F88FE0
:10C5280042F8041F0133C4E753F8045B04319A420C
:10C5380041F8045CF8D8E9E7A9DF0008BADF000889
:10C5480003460A69006930B5801A0ED114331431D4
:10C5580003EB820401EB820154F8045D51F8042DC9
:10C56800954203D005D24FF0FF3030BDA342F3D33C
:10C57800FBE70120F9E700002DE9F74F8A46064658
:10C58800114650461446FFF7DBFF051E12D1294617
:10C598003046FFF75DFD024628B940F23721404B8F
:10C5A800404800F0E7FA0123C0E90435104603B01B
:10C5B800BDE8F08FBCBF5346A2463046DAF80410F7
:10C5C800BABF1C4601250025FFF742FD024618B9EF
:10C5D80040F24521324BE3E7C56000F11405AB4654
:10C5E8004FF0000CDAF8107026690AF1140904F10A
:10C5F800140E0AF1100309EB87080EEB8606019367
:10C60800019B5EF8040B53F804AF81B201931FFA43
:10C618008AF35B1A000C6344C0EB1A4000EB23401A
:10C628009BB243EA004376454FEA204C4BF8043B63
:10C63800E6D8331B153B153423F00303A64238BF55
:10C648000023E8184B441C1D26460430A5EB0905B9
:10C65800464506EB050E0ED308F10301091B21F030
:10C6680003010133984538BF0021014451F8043DC6
:10C67800A3B117619AE7E24656F8041B1FFA81FC3A
:10C68800D4444FEA1149514409EB2C4989B241EA93
:10C6980009414FEA294CCEF80010D9E7013FE5E7F8
:10C6A800A9DF0008BADF00082DE97343012190468D
:10C6B8009946089EFFF7CCFC044630B9024640F282
:10C6C8000F31234B234800F055FAC9F30A55C9F333
:10C6D80013030DB143F480130193B8F1000324D080
:10C6E80068460093FFF779FD0099E0B1019AC0F11F
:10C6F800200302FA03F30B43C24063610192019BDA
:10C70800002B0CBF01220222A3612261ADB1A5F268
:10C71800334505443560C0F13500099B1860204653
:10C7280002B0BDE870836161E9E701A8FFF755FD34
:10C73800019B012263612030E7E7A0F2324004EB5D
:10C74800820330601869FFF729FDC0EB4210E4E767
:10C75800A9DF0008BADF00082DE9F0471F468E68F8
:10C768008246BE420C469046334653D8B1F90C0077
:10C7780010F4906F2BD065692368096905EB4505AE
:10C78800A3EB010905EBD5757B1C6D104B44AB423F
:10C798002A4684BF1D462A46430527D511465046DA
:10C7A800FFF7CAFB064658B34A462169FEF7D5FC8F
:10C7B800A38923F4906343F08003A38126614E4448
:10C7C80026603B463E466561A5EB0905A5601F4608
:10C7D8003A4641462068FEF7F3FB0020A3689B1BFE
:10C7E800A36023683B442360BDE8F087504600F00F
:10C7F80005FA06460028E1D150462169FFF72AFBD1
:10C808000C23CAF80030A3894FF0FF3043F04003EF
:10C81800A381E9E73E46DBE72DE9F0471F468B8910
:10C8280006461B060D4614469CB010D50B6973B915
:10C838004021FFF781FB2860286130B90C23336061
:10C848004FF0FF301CB0BDE8F08740236B61002338
:10C85800099320238DF8293030234FF001080397DE
:10C86800644F8DF82A302346994613F8012B0AB1F4
:10C87800252AF9D1B9EB040A0BD05346224629469A
:10C888003046FFF769FF013000F0A480099A52444E
:10C89800099299F80030002B00F09C8000234FF09B
:10C8A800FF32CDE9052309F10109049307938DF8B7
:10C8B80053301A934C46052214F8011B4D48FEF7D5
:10C8C8003EFC049BD0B9D80644BF20228DF85320E3
:10C8D800190744BF2B228DF8532099F800202A2AE3
:10C8E80013D04C4600204FF00A0C079A214611F845
:10C8F800013B303B092B49D968B913E0C01B08FA42
:10C9080000F01843A1460490D4E7039A111D126859
:10C918000391002A01DB079204E0524243F002032C
:10C928000792049323782E2B0AD163782A2B32D1CD
:10C93800039B02341A1D1B68039243EAE3730593B1
:10C94800DFF8B490032248462178FEF7F8FB38B1A7
:10C958004022049BA0EB0900824013430134049356
:10C9680014F8011B062225488DF82810FEF7E7FB6E
:10C97800002835D0224818BB039B073323F0070350
:10C9880008330393099B034409936CE70C46012081
:10C998000CFB0232AAE700234FF00A0C19460134B7
:10C9A8000593204610F8012B303A092A03D9002BA9
:10C9B800C6D00591C4E7044601230CFB0121F0E72A
:10C9C80003AB00932A4630460E4B04A9FDF7F6FD4B
:10C9D800421CD7D1AB895B063FF532AF099831E7E6
:10C9E80003AB00932A463046064B04A9FEF784F8A9
:10C9F800EEE700BF13E0000819E000081DE000089A
:10CA0800C5A5000861C70008B1F90C20F8B51607DC
:10CA180005460C4651D44B68002B02DC0B6C002BEE
:10CA280049DDE66A002E46D0002312F480522F68B2
:10CA38002B6031D0626DA389590705D56368D21A76
:10CA4800636B0BB1236CD21A00232846E66A216A6D
:10CA5800B047421CB4F90C3006D129681D2945D8C5
:10CA6800274ACA40D60741D5002262602269D90404
:10CA7800226004D5421C01D12B6803B96065616B43
:10CA88002F60C1B104F14403994202D02846FFF750
:10CA9800E1F9002363630EE001232846216AB047C9
:10CAA8000246501CC7D12B68002BC4D01D2B01D0C7
:10CAB800162B19D12F6000201DE00F69002FFAD026
:10CAC800930718BF00230E6808BF4B69F61B0F6059
:10CAD8008B60002EEFDD33463A462846216AD4F8AB
:10CAE80028C0E047002807DCB4F90C304FF0FF30CD
:10CAF80043F04003A381F8BD0744361AE9E700BFB5
:10CB08000100402038B50B6905460C4613B90025CD
:10CB1800284638BD18B1036A0BB9FEF7A1F9B4F974
:10CB28000C30002BF3D0626ED00704D4990502D4E0
:10CB3800A06DFEF7FAFA28462146FFF765FF636EF7
:10CB48000546DA07E4D4A3899B05E1D4A06DFEF776
:10CB5800EDFADDE738B50023054D044608462B609D
:10CB6800F5F708FF431C02D12B6803B1236038BDD9
:10CB78000C1E00201FB514461A46094B05461B68B3
:10CB8800D8684CB1074BCDE9013400912B460649D2
:10CB980000F070F800F080F8044B1C46F3E700BF83
:10CBA800180000202EE000083BE0000869E00008BB
:10CBB80070B5A1FB025434B92946FFF7BDF9064602
:10CBC80028B9304670BD0C2200260260F9E72A46D3
:10CBD8002146FEF70EFAF4E782B001B901A942B185
:10CBE8004BB113780B601278101E18BF012002B0E9
:10CBF80070471046FBE76FF00100F8E72DE9F041B8
:10CC0800074614460D4621B91146BDE8F041FFF725
:10CC180093B92AB9FFF71EF925462846BDE8F081E1
:10CC280000F041F88442064602D8B4EB500FF4D81D
:10CC380021463846FFF780F9804608B94546ECE7B3
:10CC4800B4422246294628BF3246FEF786FA2946CC
:10CC58003846FFF7FFF8F1E70346084641B1FF2AD7
:10CC680004D98A224FF0FF301A60704701200A70F9
:10CC7800704700000EB403B5014603AB054853F8EE
:10CC8800042B0068019300F03DF802B05DF804EB56
:10CC980003B0704718000020062008B500F000FA1D
:10CCA8000120F5F736FE51F8043C181F002BBCBFD5
:10CCB8000B58C0187047936810B4013B002B936061
:10CCC80007DA9469A34201DB0A2902D110BC00F0FB
:10CCD8002DB91368581C10601970084610BC7047AD
:10CCE800F8B506460F461446D518AC4201D10020C7
:10CCF80007E03A46304614F8011BFFF7DCFF431CF7
:10CD0800F3D1F8BD2DE9F0470D4614461F460646F7
:10CD18009CB018B1036A0BB9FEF7A2F86B6ED9077D
:10CD280005D4AB899A0502D4A86DFEF7FEF9AB8944
:10CD38001B0701D52B699BB92946304600F034F909
:10CD480070B16B6EDC0704D54FF0FF301CB0BDE846
:10CD5800F087AB899805F7D4A86DFEF7E7F9F3E7F4
:10CD68000023099320238DF8293030234FF0010840
:10CD78000397694F8DF82A302346994613F8012BFB
:10CD88000AB1252AF9D1B9EB040A0BD05346224639
:10CD980029463046FFF7A4FF013000F0A480099A25
:10CDA8005244099299F80030002B00F09C8000232F
:10CDB8004FF0FF32CDE9052309F1010904930793E8
:10CDC8008DF853301A934C46052214F8011B52482B
:10CDD800FEF7B5F9049BD0B9D90644BF20228DF8D7
:10CDE80053201A0744BF2B228DF8532099F80020AE
:10CDF8002A2A13D04C4600204FF00A0C079A2146E5
:10CE080011F8013B303B092B49D968B913E0C01B25
:10CE180008FA00F01843A1460490D4E7039A111DBC
:10CE280012680391002A01DB079204E0524243F0A2
:10CE380002030792049323782E2B0AD163782A2BB6
:10CE480032D1039B02341A1D1B68039243EAE37331
:10CE58000593DFF8C890032248462178FEF76FF95A
:10CE680038B14022049BA0EB0900824013430134EF
:10CE7800049314F8011B062229488DF82810FEF7A0
:10CE88005EF900283ED0274818BB039B073323F0E0
:10CE9800070308330393099B034409936CE70C4683
:10CEA80001200CFB0232AAE700234FF00A0C1946B6
:10CEB80001340593204610F8012B303A092A03D98A
:10CEC800002BC6D00591C4E7044601230CFB0121C1
:10CED800F0E703AB00932A463046134B04A9FDF74D
:10CEE8006DFB431CD7D16B6ED90705D4AB899A0566
:10CEF80002D4A86DFEF71AF9AB895B063FF524AF9B
:10CF0800099823E703AB00932A463046064B04A949
:10CF1800FDF7F2FDE5E700BF13E0000819E000089F
:10CF28001DE00008C5A50008E9CC0008F8B50E46C4
:10CF38001446054618B1036A0BB9FDF791FFA369BA
:10CF4800A360A3891A0701D5236943B92146284656
:10CF580000F02AF818B14FF0FF373846F8BD2368BB
:10CF68002269F6B2981A63693746834205DC21467E
:10CF78002846FFF7C7FD0028EDD1A368013BA36051
:10CF880023685A1C22601E706269431C9A4204D0AE
:10CF9800A389DB07E1D50A2EDFD121462846FFF712
:10CFA800B1FD0028D9D0D6E738B5284B0546186812
:10CFB8000C4618B1036A0BB9FDF752FFB4F90C30EF
:10CFC8001A0721D4D80607D409222A6043F040035F
:10CFD8004FF0FF30A38130E0590712D5616B41B1A2
:10CFE80004F14403994202D02846FEF733FF002398
:10CFF80063630022B4F90C306260226923F02403D1
:10D00800226043F00803A38122693AB99A0501D541
:10D01800180603D52146284600F082F8B4F90C30EA
:10D0280013F001020AD00022A26062695242A26192
:10D03800226942B913F08000C8D138BD990758BF9A
:10D048006269A260F4E70020F7E700BF180000203B
:10D058001F2938B505460C4604D9162303604FF03E
:10D06800FF3038BDC26B12B152F821304BB9284697
:10D0780000F030F8224601462846BDE8384000F066
:10D0880017B8012B0AD0591C03D1162303600120BD
:10D09800E7E70021204642F8241098470020E0E7FF
:10D0A800024B01461868FFF7D3BF00BF18000020E5
:10D0B80038B50023064D0446084611462B60F5F79F
:10D0C80020FC431C02D12B6803B1236038BD00BF8C
:10D0D8000C1E0020F5F713BC70B50C46B1F90E1004
:10D0E800154600291E4696B00ADAA18911F080017A
:10D0F80013D14FF48062002031602A6016B070BDF1
:10D108006A4600F047F80028EFDB019901F4704106
:10D11800A1F5005359425941EBE700214022EAE7C3
:10D128008B8973B59E0705460C4607D504F147035E
:10D13800236023610123636102B070BD01AB6A46BD
:10D14800FFF7CAFF009E28463146FEF7F5FEB4F900
:10D158000C3038B99A05EFD423F0030343F00203E7
:10D16800A381E3E743F08003A381019BC4E904069C
:10D178002060002BE0D02846B4F90E1000F01CF80F
:10D188000028D9D0A38923F0030343F00103A38126
:10D19800D2E7000038B50023064D0446084611467C
:10D1A8002B60F5F7DDFB431C02D12B6803B123602C
:10D1B80038BD00BF0C1E002038B50023054D0446BD
:10D1C80008462B60F5F7D1FB431C02D12B6803B14D
:10D1D800236038BD0C1E0020F8B500BFF8BC08BCA1
:10D1E8009E467047F8B500BFF8BC08BC9E4670471D
:10D1F800F5170008B9170008531700080412002093
:10D2080019180008DD1700089F1700087D17000887
:10D218005B17000849170008011500080000000006
:10D22800F91400089115000825170008351600089C
:10D23800D5140008F91500085245414459205345B2
:10D24800415F535441525320563A332E342E3120E5
:10D25800424F4152443A4E55434C454F2D4C31357F
:10D2680032524520534146453A44495341524D456F
:10D27800440D0A004C494E45535F48494748000051
:10D288004C494E45535F4C4F570000002C0000009E
:10D298002C4D4F524500000053454E534F522044E9
:10D2A8003330303A524541445920414444523A308F
:10D2B800783736204255533A493243322050494E46
:10D2C800533A504231302F50423131205350454566
:10D2D800443A31304B485A0D0A00000053454E532A
:10D2E8004F5220443330303A494E49545F46414901
:10D2F8004C454420414444523A3078373620414323
:10D308004B3A5945532043415553453A25732042DA
:10D3180055533A493243322053504545443A313007
:10D328004B485A205245434F564552593A25732087
:10D3380048414C3A30782530386C580D0A000000C6
:10D3480053454E534F5220443330303A4E4F5F418D
:10D35800434B2045585045435445443A3078373676
:10D36800205343414E3A4E4F4E45204255533A4979
:10D378003243322050494E533A504231302F5042B6
:10D3880031312053504545443A31304B485A2053A7
:10D39800544147453A2573205245434F5645525903
:10D3A8003A25732048414C3A30782530386C580D6E
:10D3B8000A0000002573307825303258000000003C
:10D3C80053454E534F5220443330303A4E4F5F410D
:10D3D800434B2045585045435445443A30783736F6
:10D3E800205343414E3A25732573204255533A49F9
:10D3F8003243322053504545443A31304B485A2045
:10D4080053544147453A2573205245434F56455298
:10D41800593A25732048414C3A30782530386C58B1
:10D428000D0A000053454E534F5220494D553A4E70
:10D438004F545F464F554E44204932433A41555464
:10D448004F205245434F564552593A25730D0A000D
:10D4580053454E534F5220494D553A257320414468
:10D4680044523A3078253032580D0A004449534125
:10D47800524D0000534146455459204D414E5541A7
:10D488004C5F4C494E4B5F54494D454F55542044D1
:10D49800495341524D45440D0A00000053454E532F
:10D4A8004F5220494D553A4C4F53540D0A00000035
:10D4B80053454E534F5220443330303A524541443D
:10D4C800592043414C4942524154494F4E5F5245BD
:10D4D8005155495245440D0A0000000053454E532A
:10D4E8004F5220443330303A4C4F53540D0A000009
:10D4F800504F53313A256C6420504F53323A256CC3
:10D5080064205A313A2575205A323A25750D0A0099
:10D5180048454C4C4F00000050494E470000000061
:10D5280048454C5000000000434D44532048454CAA
:10D538004C4F2050494E472053544F502041524D94
:10D548002044495341524D2054312F5432205331F5
:10D558002F53322056312F5632204155544F5F53A6
:10D5680043484544554C45204155544F5F5052451A
:10D5780050415245205A45524F312F3220504F5377
:10D58800204346472044455054485F5A45524F204F
:10D59800494D555F5A45524F204155544F205455D7
:10D5A800524E0D0A000000005354415455530000D8
:10D5B800554E4B4E4F574E004E4F4E450000000003
:10D5C800494E56414C49445F434F4E464947000037
:10D5D80044455054485F53454E534F520000000095
:10D5E800494D550054414E4B5F43414C49425241CD
:10D5F80054494F4E00000000444956455F54494D78
:10D60800454F5554000000005455524E5F54494D43
:10D61800454F555400000000434952434C455F5460
:10D62800494D454F5554000044455054485F4C49B6
:10D638004D495400535552464143455F54494D4561
:10D648004F55540049444C4500000000434F554E87
:10D6580054444F574E00000044495645000000000E
:10D66800484F5645525F534554544C4500000000FE
:10D67800544553545F464F525741524400000000EE
:10D6880053545241494748545F3100005455524E53
:10D698005F31000053545241494748545F320000FB
:10D6A800434952434C45000053545241494748545A
:10D6B8005F3300005455524E5F32000053545241BC
:10D6C800494748545F34000053555246414345008A
:10D6D800434F4D504C4554450000000041424F52C5
:10D6E800544544004641554C545F535552464143B6
:10D6F80045000000424E4F3038355F493243000044
:10D70800424E4F3035355F4932430000494E56414D
:10D718004C49445F415247554D454E540000000066
:10D728004E4F545F494E495449414C495A4544006B
:10D7380052455345545F57524954450050524F4D36
:10D748005F434F4D4D414E440000000050524F4D35
:10D758005F5245414400000050524F4D5F494E56BC
:10D76800414C49440000000050524F4D5F43524322
:10D7780000000000434F4E56455253494F4E5F43F9
:10D788004F4D4D414E4400004144435F5245414492
:10D798005F434F4D4D414E44000000004144435FFC
:10D7A80052454144000000004144435F5A45524FEE
:10D7B80000000000455252204155544F204C4F4321
:10D7C8004B454400455252204155544F204449533B
:10D7D80041424C4544000000455252204155544FA7
:10D7E80020414C52454144595F434F4E53554D4596
:10D7F80044000000455252204155544F2054414E98
:10D808004B5F43414C4942524154494F4E0000003E
:10D81800455252204155544F205A45524F5F554E5C
:10D82800415641494C41424C450000004552522066
:10D838004155544F2054414E4B5F4E4F545F454D18
:10D84800505459004F4B204155544F20434F554E8B
:10D8580054444F574E20256C7500000054414E4BE0
:10D86800315F46554C4C000054414E4B325F465593
:10D878004C4C00004F46465345545F4D4D00000048
:10D8880044454E534954590048454144494E475F21
:10D898004F46465345545F43444547004845414435
:10D8A800494E475F5349474E0000000042414C41F2
:10D8B8004E43455F415849530000000042414C41E6
:10D8C8004E43455F5349474E000000004C455645BE
:10D8D8004C5F4B505F583130300000004D41585F6D
:10D8E80042414C414E43455F50435400524F5554BA
:10D8F80045000000444956455F42414C4C41535451
:10D908005F50435400000000484F5645525F424163
:10D918004C4C4153545F5043540000004449564511
:10D928005F4D5300484F5645525F534554544C453C
:10D938005F4D5300544553545F464F52574152442C
:10D948005F4D5300544553545F464F52574152441C
:10D958005F504354000000004155544F5F44454C0C
:10D9680041595F4D530000004155544F5F5A45528D
:10D978004F5F54414E4B53004D41585F44455054FE
:10D98800485F4D4D0000000044455054485F544FD7
:10D998004C5F4D4D000000005354524149474854D4
:10D9A8005F4D5300464F52574152445F5043540015
:10D9B800434952434C455F464F52574152445F508A
:10D9C80043540000434952434C455F5455524E5FFF
:10D9D8005043540048454144494E475F4B505F58B7
:10D9E8003130300042414C4C4153545F4741494E1D
:10D9F8005F583130300000004F4B204445505448A8
:10DA08005F5A45524F000000455252204445505439
:10DA1800485F5A45524F000053544F5000000000D1
:10DA28004F4B2053544F5050454400004F4B204417
:10DA3800495341524D45440041524D0045525220F0
:10DA480041524D204C4F434B454400004F4B204121
:10DA5800524D45440000000054312000543220004B
:10DA68004552522054485255535445520000000024
:10DA78004F4B2054257500005331200053322000AD
:10DA88004552522054414E4B00000000455252204E
:10DA980054414E4B204C494D495400004F4B2053A4
:10DAA800257500005631200056322000455252207C
:10DAB80054414E4B20535045454400004F4B20568F
:10DAC800257500005A45524F310000005A45524F03
:10DAD80032000000455252205A45524F00000000C3
:10DAE8004F4B205A45524F2575000000504F5300A8
:10DAF800504F53313A256C6420504F53323A256CBD
:10DB080064205A313A2575205A323A2575000000AA
:10DB18004552522044455054485F5A45524F204C74
:10DB28004F434B4544000000494D555F5A45524FFD
:10DB38000000000045525220494D555F5A45524F4A
:10DB4800204C4F434B4544004F4B20494D555F5A9D
:10DB580045524F004155544F2053544152540000F0
:10DB6800455252204155544F204553544F500000C0
:10DB7800455252204155544F202573004F4B2041A8
:10DB880055544F2053544152540000004155544FAE
:10DB9800205343484544554C450000004155544FD7
:10DBA8002050524550415245000000004155544F05
:10DBB8002041424F525400004F4B204155544F20B2
:10DBC80041424F52540000005455524E200000006C
:10DBD8004F4B205455524E20256C64004346472035
:10DBE80000000000554E48414E444C45440000009A
:10DBF80045525220434647204D495353494F4E5FA3
:10DC08004143544956450000455252204346470077
:10DC18004552522043464720257300004F4B20436E
:10DC280046472025730000004553544F500000001C
:10DC3800494D5520483A252E326620523A252E3233
:10DC48006620503A252E326620433A25750D0A0083
:10DC58004445505448204D3A252E336620543A25E1
:10DC68002E326620503A252E326620533A252E331E
:10DC780066205A3A25750D0A000000004155544F98
:10DC88002053544154453A257320454C415053453F
:10DC9800443A256C75204641554C543A2573204129
:10DCA80043544956453A25750D0A0000646576695E
:10DCB8006365000065786563757461626C65000072
:10DCC800636F6E74726F6C0073656E736F726875D4
:10DCD80062000000696E7075744E6F726D616C0041
:10DCE800696E70757457616B65000000696E7075B8
:10DCF800744779726F527600636F6D6D616E640060
:10DD08000000000001020304000000000000000001
:10DD18000102030406070809030406080C1018206A
:10DD280030000000C0D50008C8D50008D8D50008C4
:10DD3800E8D50008ECD5000800D6000810D6000881
:10DD480020D6000830D600083CD600084CD600087B
:10DD580054D6000860D6000868D6000878D60008AF
:10DD680088D6000894D600089CD60008A8D60008D3
:10DD7800B0D60008BCD60008C4D60008D0D6000823
:10DD8800D8D60008E4D60008ECD600080500010043
:10DD98000100000000000000B35800080000000067
:10DDA80040420F008D580008C957000800010000C4
:10DDB80000000080DB0F4940DB0F49C0DB0F49BF83
:10DDC800E4CB1640E4CB16C06937AC316821223366
:10DDD800B40F14336821A2333863ED3EDA0F493F9C
:10DDE8005E987B3FDA0FC93F6042A20D0000803F7A
:10DDF8000020202020202020202028282828282013
:10DE0800202020202020202020202020202020200A
:10DE18002088101010101010101010101010101072
:10DE28001004040404040404040404101010101062
:10DE3800101041414141414101010101010101012C
:10DE4800010101010101010101010101101010107E
:10DE580010104242424242420202020202020202FE
:10DE68000202020202020202020202021010101052
:10DE7800200000000000000000000000000000007A
:10DE8800000000000000000000000000000000008A
:10DE9800000000000000000000000000000000007A
:10DEA800000000000000000000000000000000006A
:10DEB800000000000000000000000000000000005A
:10DEC800000000000000000000000000000000004A
:10DED800000000000000000000000000000000003A
:10DEE800000000000000000000000000000000002A
:10DEF80000494E4600696E66004E414E006E616EE6
:10DF08000030003031323334353637383941424306
:10DF1800444546003031323334353637383961625A
:10DF28006364656600496E66696E697479004E615E
:10DF38004E005245454E54206D616C6C6F632073E2
:10DF48007563636565646564002F6275696C642F29
:10DF5800676E752D746F6F6C732D666F722D737489
:10DF68006D33325F31342E332E72656C312E323080
:10DF78003235313032372D303730302F7372632FCE
:10DF88006E65776C69622F6E65776C69622F6C6954
:10DF980062632F7374646C69622F64746F612E639B
:10DFA8000042616C6C6F63207375636365656465BB
:10DFB80064002F6275696C642F676E752D746F6FBE
:10DFC8006C732D666F722D73746D33325F31342E1E
:10DFD800332E72656C312E32303235313032372D76
:10DFE800303730302F7372632F6E65776C69622F0C
:10DFF8006E65776C69622F6C6962632F7374646CE9
:10E0080069622F6D707265632E6300232D302B209B
:10E0180000686C4C00656667454647004300504FF2
:10E02800534958002E002C2066756E6374696F6E14
:10E038003A2000617373657274696F6E20222573CC
:10E0480022206661696C65643A2066696C652022E5
:10E058002573222C206C696E652025642573257331
:10E068000A00000005000000190000007D00000003
:10E078000080E03779C34143176E05B5B5B89346BC
:10E08800F5F93FE9034F384D321D30F94877825A88
:10E098003CBF737FDD4F1575000000000000F03FA6
:10E0A800000000000000244000000000000059406B
:10E0B8000000000000408F40000000000088C340BE
:10E0C80000000000006AF8400000000080842E4133
:10E0D80000000000D01263410000000084D797417F
:10E0E8000000000065CDCD41000000205FA0024285
:10E0F800000000E876483742000000A2941A6D42FA
:10E10800000040E59C30A2420000901EC4BCD642EC
:10E1180000003426F56B0C430080E03779C3414397
:10E1280000A0D8855734764300C84E676DC1AB430D
:10E13800003D9160E458E143408CB5781DAF15442B
:10E1480050EFE2D6E41A4B4492D54D06CFF0804406
:10E15800F64AE1C7022DB544B49DD9794378EA441B
:08E16800582AFF7F01000000AE
:04E170004D01000855
:04E174002901000875
:10E1780068FF1F0001000000100000000000000000
:10E1880003000000D01C00201C000020000000003C
:10E19800D01C0020381D0020A01D00200000000019
:10E1A8000000000000000000000000000000000067
:10E1B8000000000000000000000000000000000057
:10E1C8000000000000000000000000000000000047
:10E1D80000000000000000004300000000000000F4
:10E1E8000000000000000000000000000000000027
:10E1F80000000000000000004300000000000000D4
:10E208000000000000000000000000000000000006
:10E2180000000000000000004300000000000000B3
:10E2280000000000000000000000000000000000E6
:10E238000000000000000000430000000000000093
:10E2480000000000000000000000000000000000C6
:10E258000000000000000000430000000000000073
:10E2680000000000000000000000000000000000A6
:10E278000000000000000000430000000000000053
:10E288000000000000000000000000000000000086
:10E298000000000000000000430000000000000033
:10E2A8000000000000000000000000000000000066
:10E2B800000000000000000061CC0008E1CB00086D
:10E2C80000000000F8DD00082CE0000869E0000804
:10E2D80069E0000869E0000869E0000869E00008F2
:10E2E80069E0000869E0000869E0000869E00008E2
:10E2F800FFFFFFFFFFFFFFFFFFFFFFFFFFFF000024
:10E30800010041534349490000000000000000009B
:10E3180000000000000000000000000000000000F5
:10E32800000041534349490000000000000000007C
:10E3380000000000000000000000000000000000D5
:04E3480000000000D1
:040000050800143D9E
:00000001FF
